date,team_code,elo,national_team,team_name
1902-07-20,UY,1879,Argentina,Uruguay
1903-09-13,UY,1895,Argentina,Uruguay
1905-08-15,UY,1903,Argentina,Uruguay
1906-07-09,ZA,1817,Argentina,South Africa
1906-08-15,UY,1851,Argentina,Uruguay
1906-10-21,UY,1845,Argentina,Uruguay
1907-08-15,UY,1840,Argentina,Uruguay
1907-10-06,UY,1828,Argentina,Uruguay
1908-08-15,UY,1832,Argentina,Uruguay
1908-09-13,UY,1827,Argentina,Uruguay
1908-10-04,UY,1852,Argentina,Uruguay
1909-08-15,UY,1846,Argentina,Uruguay
1909-09-19,UY,1849,Argentina,Uruguay
1909-10-10,UY,1841,Argentina,Uruguay
1910-05-27,CL,1400,Argentina,Chile
1910-06-05,CL,1394,Argentina,Chile
1910-06-12,UY,1834,Argentina,Uruguay
1910-08-15,UY,1862,Argentina,Uruguay
1910-09-11,CL,1392,Argentina,Chile
1910-11-13,UY,1871,Argentina,Uruguay
1910-11-27,UY,1915,Argentina,Uruguay
1911-04-30,UY,1903,Argentina,Uruguay
1911-08-15,UY,1935,Argentina,Uruguay
1911-09-17,UY,1915,Argentina,Uruguay
1911-10-08,UY,1912,Argentina,Uruguay
1911-10-22,UY,1898,Argentina,Uruguay
1911-10-29,UY,1922,Argentina,Uruguay
1912-02-25,UY,1912,Argentina,Uruguay
1912-08-15,UY,1930,Argentina,Uruguay
1912-08-25,UY,1949,Argentina,Uruguay
1912-09-22,UY,1967,Argentina,Uruguay
1912-10-06,UY,1968,Argentina,Uruguay
1912-12-01,UY,1935,Argentina,Uruguay
1913-04-27,UY,1938,Argentina,Uruguay
1913-04-27,UY,1951,Argentina,Uruguay
1913-06-15,UY,1954,Argentina,Uruguay
1913-07-09,UY,1941,Argentina,Uruguay
1913-07-13,UY,1943,Argentina,Uruguay
1913-07-13,UY,1950,Argentina,Uruguay
1913-08-15,UY,1927,Argentina,Uruguay
1913-08-31,UY,1911,Argentina,Uruguay
1913-09-21,CL,1390,Argentina,Chile
1913-09-28,UY,1894,Argentina,Uruguay
1913-10-05,UY,1908,Argentina,Uruguay
1913-10-26,UY,1921,Argentina,Uruguay
1914-02-28,UY,1924,Argentina,Uruguay
1914-08-30,UY,1935,Argentina,Uruguay
1914-09-13,UY,1924,Argentina,Uruguay
1914-09-20,BR,1889,Argentina,Brazil
1914-09-27,BR,1910,Argentina,Brazil
1914-11-15,UY,1931,Argentina,Uruguay
1914-11-22,UY,1918,Argentina,Uruguay
1915-03-28,UY,1921,Argentina,Uruguay
1915-07-18,UY,1902,Argentina,Uruguay
1915-08-15,UY,1893,Argentina,Uruguay
1915-09-12,UY,1913,Argentina,Uruguay
1916-07-06,CL,1384,Argentina,Chile
1916-07-10,BR,1897,Argentina,Brazil
1916-07-12,CL,1406,Argentina,Chile
1916-07-17,UY,1948,Argentina,Uruguay
1916-08-15,UY,1916,Argentina,Uruguay
1916-08-15,UY,1898,Argentina,Uruguay
1916-10-01,UY,1881,Argentina,Uruguay
1916-10-01,UY,1866,Argentina,Uruguay
1916-10-29,UY,1890,Argentina,Uruguay
1917-07-18,UY,1866,Argentina,Uruguay
1917-08-15,UY,1860,Argentina,Uruguay
1917-09-02,UY,1877,Argentina,Uruguay
1917-10-03,BR,1861,Argentina,Brazil
1917-10-06,CL,1401,Argentina,Chile
1917-10-14,UY,1936,Argentina,Uruguay
1917-10-21,CL,1403,Argentina,Chile
1918-07-18,UY,1940,Argentina,Uruguay
1918-07-28,UY,1959,Argentina,Uruguay
1918-08-15,UY,1963,Argentina,Uruguay
1918-08-25,UY,1952,Argentina,Uruguay
1918-09-20,UY,1948,Argentina,Uruguay
1918-09-29,UY,1933,Argentina,Uruguay
1919-05-11,PY,1786,Argentina,Paraguay
1919-05-13,UY,1963,Argentina,Uruguay
1919-05-15,PY,1773,Argentina,Paraguay
1919-05-18,BR,1879,Argentina,Brazil
1919-05-21,PY,1765,Argentina,Paraguay
1919-05-22,CL,1392,Argentina,Chile
1919-05-24,PY,1757,Argentina,Paraguay
1919-06-01,BR,1900,Argentina,Brazil
1919-07-18,UY,1963,Argentina,Uruguay
1919-08-24,UY,1973,Argentina,Uruguay
1919-09-07,UY,1990,Argentina,Uruguay
1919-10-19,UY,1962,Argentina,Uruguay
1919-12-07,UY,1977,Argentina,Uruguay
1920-07-18,UY,1990,Argentina,Uruguay
1920-07-25,UY,2014,Argentina,Uruguay
1920-08-08,UY,1998,Argentina,Uruguay
1920-09-12,UY,1992,Argentina,Uruguay
1920-09-20,CL,1409,Argentina,Chile
1920-09-25,BR,1829,Argentina,Brazil
1920-10-06,BR,1822,Argentina,Brazil
1921-04-07,PY,1775,Argentina,Paraguay
1921-04-14,PY,1776,Argentina,Paraguay
1921-09-25,CL,1404,Argentina,Chile
1921-10-02,BR,1810,Argentina,Brazil
1921-10-02,CL,1412,Argentina,Chile
1921-10-16,PY,1755,Argentina,Paraguay
1921-10-30,UY,1986,Argentina,Uruguay
1922-01-21,UY,1978,Argentina,Uruguay
1922-01-22,UY,1997,Argentina,Uruguay
1922-09-28,CL,1428,Argentina,Chile
1922-10-08,UY,2015,Argentina,Uruguay
1922-10-15,BR,1852,Argentina,Brazil
1922-10-18,PY,1784,Argentina,Paraguay
1922-10-22,CL,1416,Argentina,Chile
1922-10-22,BR,1866,Argentina,Brazil
1922-11-12,UY,1983,Argentina,Uruguay
1922-11-19,UY,1984,Argentina,Uruguay
1922-11-19,UY,1989,Argentina,Uruguay
1922-12-10,UY,1996,Argentina,Uruguay
1922-12-17,UY,1996,Argentina,Uruguay
1923-05-20,PY,1787,Argentina,Paraguay
1923-05-25,PY,1779,Argentina,Paraguay
1923-06-24,UY,1995,Argentina,Uruguay
1923-07-01,UY,1984,Argentina,Uruguay
1923-07-15,UY,1984,Argentina,Uruguay
1923-07-18,UY,1979,Argentina,Uruguay
1923-07-22,UY,1971,Argentina,Uruguay
1923-08-25,UY,1966,Argentina,Uruguay
1923-09-30,UY,1933,Argentina,Uruguay
1923-10-29,PY,1764,Argentina,Paraguay
1923-11-18,BR,1844,Argentina,Brazil
1923-12-02,BR,1885,Argentina,Brazil
1923-12-02,CL,1415,Argentina,Chile
1923-12-02,UY,1983,Argentina,Uruguay
1923-12-08,UY,1999,Argentina,Uruguay
1923-12-09,BR,1869,Argentina,Brazil
1924-05-15,PY,1747,Argentina,Paraguay
1924-05-18,PY,1765,Argentina,Paraguay
1924-05-25,UY,1971,Argentina,Uruguay
1924-05-25,UY,1985,Argentina,Uruguay
1924-08-10,UY,2063,Argentina,Uruguay
1924-08-31,UY,2039,Argentina,Uruguay
1924-09-21,UY,2034,Argentina,Uruguay
1924-10-02,UY,2024,Argentina,Uruguay
1924-10-12,PY,1778,Argentina,Paraguay
1924-10-25,CL,1409,Argentina,Chile
1924-11-02,UY,2024,Argentina,Uruguay
1924-11-16,UY,2032,Argentina,Uruguay
1925-05-01,UY,2018,Argentina,Uruguay
1925-07-09,PY,1787,Argentina,Paraguay
1925-07-12,PY,1797,Argentina,Paraguay
1925-11-29,PY,1831,Argentina,Paraguay
1925-12-13,BR,1883,Argentina,Brazil
1925-12-20,PY,1754,Argentina,Paraguay
1925-12-25,BR,1923,Argentina,Brazil
1926-05-29,PY,1750,Argentina,Paraguay
1926-06-03,PY,1746,Argentina,Paraguay
1926-10-16,BO,1273,Argentina,Bolivia
1926-10-20,PY,1724,Argentina,Paraguay
1926-10-24,UY,2015,Argentina,Uruguay
1926-10-31,CL,1442,Argentina,Chile
1927-07-14,UY,2010,Argentina,Uruguay
1927-08-30,UY,2028,Argentina,Uruguay
1927-10-30,BO,1263,Argentina,Bolivia
1927-11-20,UY,2010,Argentina,Uruguay
1927-11-27,PE,1578,Argentina,Peru
1928-04-01,PT,1690,Argentina,Portugal
1928-05-29,US,1677,Argentina,United States
1928-06-02,BE,1672,Argentina,Belgium
1928-06-06,EG,1730,Argentina,Egypt
1928-06-10,UY,2075,Argentina,Uruguay
1928-06-13,UY,2104,Argentina,Uruguay
1928-08-30,UY,2058,Argentina,Uruguay
1928-09-21,UY,2053,Argentina,Uruguay
1929-06-16,UY,2036,Argentina,Uruguay
1929-06-16,UY,2033,Argentina,Uruguay
1929-09-20,UY,2045,Argentina,Uruguay
1929-09-28,UY,2050,Argentina,Uruguay
1929-11-03,PE,1575,Argentina,Peru
1929-11-10,PY,1751,Argentina,Paraguay
1929-11-17,UY,1960,Argentina,Uruguay
1930-05-25,UY,1968,Argentina,Uruguay
1930-07-15,FR,1605,Argentina,France
1930-07-19,MX,1498,Argentina,Mexico
1930-07-22,CL,1645,Argentina,Chile
1930-07-26,US,1766,Argentina,United States
1930-07-30,UY,2034,Argentina,Uruguay
1930-08-03,YU,1642,Argentina,Yugoslavia
1931-04-19,PY,1733,Argentina,Paraguay
1931-04-25,PY,1739,Argentina,Paraguay
1931-07-04,PY,1752,Argentina,Paraguay
1931-07-09,PY,1748,Argentina,Paraguay
1932-05-15,UY,1999,Argentina,Uruguay
1932-05-18,UY,2008,Argentina,Uruguay
1933-01-21,UY,1994,Argentina,Uruguay
1933-02-05,UY,1983,Argentina,Uruguay
1933-12-14,UY,1972,Argentina,Uruguay
1934-05-27,SE,1782,Argentina,Sweden
1934-07-18,UY,1970,Argentina,Uruguay
1934-08-15,UY,1964,Argentina,Uruguay
1935-01-06,CL,1636,Argentina,Chile
1935-01-20,PE,1485,Argentina,Peru
1935-01-27,UY,2026,Argentina,Uruguay
1935-07-18,UY,2020,Argentina,Uruguay
1935-08-15,UY,1999,Argentina,Uruguay
1936-08-09,UY,1989,Argentina,Uruguay
1936-09-20,UY,2001,Argentina,Uruguay
1936-12-30,CL,1599,Argentina,Chile
1937-01-09,PY,1794,Argentina,Paraguay
1937-01-16,PE,1542,Argentina,Peru
1937-01-23,UY,1890,Argentina,Uruguay
1937-01-30,BR,1924,Argentina,Brazil
1937-02-01,BR,1904,Argentina,Brazil
1937-10-10,UY,1866,Argentina,Uruguay
1937-11-11,UY,1857,Argentina,Uruguay
1938-06-18,UY,1852,Argentina,Uruguay
1938-10-12,UY,1841,Argentina,Uruguay
1939-01-15,BR,1910,Argentina,Brazil
1939-01-22,BR,1914,Argentina,Brazil
1939-08-14,PY,1687,Argentina,Paraguay
1939-08-16,PY,1698,Argentina,Paraguay
1940-02-18,PY,1695,Argentina,Paraguay
1940-02-18,BR,1917,Argentina,Brazil
1940-02-25,PY,1692,Argentina,Paraguay
1940-02-25,BR,1896,Argentina,Brazil
1940-03-02,CL,1602,Argentina,Chile
1940-03-05,BR,1888,Argentina,Brazil
1940-03-09,CL,1601,Argentina,Chile
1940-03-10,BR,1914,Argentina,Brazil
1940-03-17,BR,1905,Argentina,Brazil
1940-07-18,UY,1912,Argentina,Uruguay
1940-08-15,UY,1901,Argentina,Uruguay
1941-01-05,CL,1596,Argentina,Chile
1941-01-09,CL,1591,Argentina,Chile
1941-01-19,PE,1752,Argentina,Peru
1941-01-26,PE,1761,Argentina,Peru
1941-01-29,PE,1749,Argentina,Peru
1941-02-12,PE,1714,Argentina,Peru
1941-02-16,EC,1271,Argentina,Ecuador
1941-02-23,UY,1910,Argentina,Uruguay
1941-03-04,CL,1604,Argentina,Chile
1942-01-11,PY,1688,Argentina,Paraguay
1942-01-17,BR,1884,Argentina,Brazil
1942-01-22,EC,1262,Argentina,Ecuador
1942-01-25,PE,1682,Argentina,Peru
1942-01-31,CL,1577,Argentina,Chile
1942-02-07,UY,1999,Argentina,Uruguay
1942-05-25,UY,1985,Argentina,Uruguay
1942-08-25,UY,1985,Argentina,Uruguay
1943-01-06,UY,1980,Argentina,Uruguay
1943-01-09,UY,2000,Argentina,Uruguay
1943-03-28,UY,2007,Argentina,Uruguay
1943-04-04,UY,1990,Argentina,Uruguay
1943-07-10,PY,1713,Argentina,Paraguay
1943-07-11,PY,1738,Argentina,Paraguay
1944-01-05,UY,1974,Argentina,Uruguay
1944-01-08,UY,1979,Argentina,Uruguay
1944-01-29,UY,1970,Argentina,Uruguay
1944-01-29,UY,1981,Argentina,Uruguay
1945-01-06,PY,1734,Argentina,Paraguay
1945-01-09,PY,1731,Argentina,Paraguay
1945-01-18,BO,1325,Argentina,Bolivia
1945-01-31,EC,1235,Argentina,Ecuador
1945-02-07,CO,1330,Argentina,Colombia
1945-02-11,CL,1636,Argentina,Chile
1945-02-15,BR,1937,Argentina,Brazil
1945-02-25,UY,1856,Argentina,Uruguay
1945-07-07,PY,1778,Argentina,Paraguay
1945-07-09,PY,1766,Argentina,Paraguay
1945-07-18,UY,1861,Argentina,Uruguay
1945-08-15,UY,1853,Argentina,Uruguay
1945-12-16,BR,1939,Argentina,Brazil
1945-12-20,BR,1971,Argentina,Brazil
1945-12-23,BR,1993,Argentina,Brazil
1945-12-29,UY,1855,Argentina,Uruguay
1946-01-12,PY,1758,Argentina,Paraguay
1946-01-19,BO,1306,Argentina,Bolivia
1946-01-26,CL,1675,Argentina,Chile
1946-02-02,UY,1856,Argentina,Uruguay
1946-02-10,BR,1973,Argentina,Brazil
1947-03-02,UY,1821,Argentina,Uruguay
1947-03-09,UY,1825,Argentina,Uruguay
1947-12-02,PY,1764,Argentina,Paraguay
1947-12-04,BO,1287,Argentina,Bolivia
1947-12-11,PE,1645,Argentina,Peru
1947-12-16,CL,1700,Argentina,Chile
1947-12-18,CO,1458,Argentina,Colombia
1947-12-25,EC,1223,Argentina,Ecuador
1947-12-28,UY,1820,Argentina,Uruguay
1948-05-18,UY,1842,Argentina,Uruguay
1948-05-25,UY,1869,Argentina,Uruguay
1950-03-25,PY,1881,Argentina,Paraguay
1950-03-29,PY,1872,Argentina,Paraguay
1951-05-09,EN,1980,Argentina,England
1951-05-13,IE,1618,Argentina,Ireland
1952-12-07,ES,1870,Argentina,Spain
1952-12-14,PT,1655,Argentina,Portugal
1953-05-14,EN,1996,Argentina,England
1953-05-17,EN,2001,Argentina,England
1953-07-05,ES,1871,Argentina,Spain
1954-11-28,PT,1663,Argentina,Portugal
1954-12-05,IT,1850,Argentina,Italy
1955-03-02,PY,1906,Argentina,Paraguay
1955-03-09,EC,1268,Argentina,Ecuador
1955-03-16,PE,1733,Argentina,Peru
1955-03-27,UY,1928,Argentina,Uruguay
1955-03-30,CL,1744,Argentina,Chile
1956-01-22,PE,1770,Argentina,Peru
1956-01-29,CL,1812,Argentina,Chile
1956-02-01,PY,1794,Argentina,Paraguay
1956-02-05,BR,1972,Argentina,Brazil
1956-02-15,UY,1961,Argentina,Uruguay
1956-02-28,PE,1743,Argentina,Peru
1956-03-06,CR,1717,Argentina,Costa Rica
1956-03-11,CL,1789,Argentina,Chile
1956-03-13,MX,1631,Argentina,Mexico
1956-03-18,BR,2034,Argentina,Brazil
1956-06-24,IT,1868,Argentina,Italy
1956-07-01,UY,1934,Argentina,Uruguay
1956-07-08,BR,2054,Argentina,Brazil
1956-08-15,PY,1726,Argentina,Paraguay
1956-08-19,CS,1834,Argentina,Czechoslovakia
1956-10-10,UY,1927,Argentina,Uruguay
1956-11-14,UY,1933,Argentina,Uruguay
1956-12-05,BR,2025,Argentina,Brazil
1957-03-13,CO,1304,Argentina,Colombia
1957-03-17,EC,1253,Argentina,Ecuador
1957-03-20,UY,1865,Argentina,Uruguay
1957-03-28,CL,1715,Argentina,Chile
1957-04-03,BR,1989,Argentina,Brazil
1957-04-06,PE,1752,Argentina,Peru
1957-04-09,PE,1746,Argentina,Peru
1957-05-23,UY,1955,Argentina,Uruguay
1957-06-05,UY,1965,Argentina,Uruguay
1957-07-07,BR,1977,Argentina,Brazil
1957-07-10,BR,2002,Argentina,Brazil
1957-10-06,BO,1608,Argentina,Bolivia
1957-10-13,CL,1675,Argentina,Chile
1957-10-20,CL,1670,Argentina,Chile
1957-10-27,BO,1605,Argentina,Bolivia
1958-04-06,UY,1919,Argentina,Uruguay
1958-04-20,PY,1750,Argentina,Paraguay
1958-04-26,PY,1747,Argentina,Paraguay
1958-04-30,UY,1912,Argentina,Uruguay
1958-06-08,WG,1986,Argentina,West Germany
1958-06-11,EI,1758,Argentina,Northern Ireland
1958-06-15,CS,1945,Argentina,Czechoslovakia
1959-03-07,CL,1658,Argentina,Chile
1959-03-11,BO,1584,Argentina,Bolivia
1959-03-18,PE,1806,Argentina,Peru
1959-03-22,PY,1763,Argentina,Paraguay
1959-03-30,UY,1865,Argentina,Uruguay
1959-04-04,BR,2150,Argentina,Brazil
1959-11-18,CL,1734,Argentina,Chile
1959-12-09,PY,1776,Argentina,Paraguay
1959-12-12,EC,1257,Argentina,Ecuador
1959-12-16,UY,1951,Argentina,Uruguay
1959-12-22,BR,2024,Argentina,Brazil
1960-03-08,CR,1770,Argentina,Costa Rica
1960-03-10,MX,1777,Argentina,Mexico
1960-03-13,BR,1927,Argentina,Brazil
1960-03-15,CR,1791,Argentina,Costa Rica
1960-03-17,MX,1758,Argentina,Mexico
1960-03-20,BR,2011,Argentina,Brazil
1960-05-26,BR,2022,Argentina,Brazil
1960-05-29,BR,2056,Argentina,Brazil
1960-07-09,PY,1710,Argentina,Paraguay
1960-07-12,BR,2066,Argentina,Brazil
1960-07-24,ES,1950,Argentina,Spain
1960-08-17,UY,1940,Argentina,Uruguay
1960-12-04,EC,1322,Argentina,Ecuador
1960-12-17,EC,1321,Argentina,Ecuador
1961-05-17,PY,1668,Argentina,Paraguay
1961-06-04,PT,1710,Argentina,Portugal
1961-06-11,ES,1950,Argentina,Spain
1961-06-15,IT,1804,Argentina,Italy
1961-06-19,CS,1952,Argentina,Czechoslovakia
1961-06-24,SU,1968,Argentina,Soviet Union
1961-10-12,PY,1664,Argentina,Paraguay
1961-11-18,SU,1987,Argentina,Soviet Union
1962-03-13,UY,1921,Argentina,Uruguay
1962-03-28,MX,1804,Argentina,Mexico
1962-05-30,BG,1762,Argentina,Bulgaria
1962-06-02,EN,1965,Argentina,England
1962-06-06,HU,1991,Argentina,Hungary
1962-08-15,UY,1858,Argentina,Uruguay
1962-11-07,CL,1832,Argentina,Chile
1962-11-21,CL,1825,Argentina,Chile
1963-03-10,CO,1454,Argentina,Colombia
1963-03-13,PE,1724,Argentina,Peru
1963-03-20,EC,1323,Argentina,Ecuador
1963-03-24,BR,2053,Argentina,Brazil
1963-03-28,BO,1666,Argentina,Bolivia
1963-03-31,PY,1758,Argentina,Paraguay
1963-04-13,BR,1967,Argentina,Brazil
1963-04-16,BR,1985,Argentina,Brazil
1963-10-15,PY,1736,Argentina,Paraguay
1963-10-29,PY,1762,Argentina,Paraguay
1964-05-31,PT,1668,Argentina,Portugal
1964-06-03,BR,1934,Argentina,Brazil
1964-06-06,EN,1915,Argentina,England
1964-09-24,CL,1803,Argentina,Chile
1964-10-14,CL,1807,Argentina,Chile
1964-11-25,PY,1798,Argentina,Paraguay
1964-12-08,PY,1786,Argentina,Paraguay
1965-06-03,FR,1736,Argentina,France
1965-06-09,BR,1953,Argentina,Brazil
1965-07-14,CL,1822,Argentina,Chile
1965-07-21,CL,1824,Argentina,Chile
1965-08-01,PY,1798,Argentina,Paraguay
1965-08-08,PY,1803,Argentina,Paraguay
1965-08-17,BO,1685,Argentina,Bolivia
1965-08-29,BO,1696,Argentina,Bolivia
1965-12-01,SU,1972,Argentina,Soviet Union
1966-06-11,PL,1703,Argentina,Poland
1966-06-22,IT,1963,Argentina,Italy
1966-07-13,ES,1872,Argentina,Spain
1966-07-16,WG,1978,Argentina,West Germany
1966-07-19,CH,1617,Argentina,Switzerland
1966-07-23,EN,2028,Argentina,England
1967-01-18,PY,1733,Argentina,Paraguay
1967-01-22,BO,1671,Argentina,Bolivia
1967-01-25,VE,1341,Argentina,Venezuela
1967-01-28,CL,1763,Argentina,Chile
1967-02-02,UY,1896,Argentina,Uruguay
1967-08-15,CL,1765,Argentina,Chile
1967-08-22,MX,1852,Argentina,Mexico
1967-10-13,PY,1718,Argentina,Paraguay
1967-11-08,CL,1777,Argentina,Chile
1968-05-15,PY,1738,Argentina,Paraguay
1968-06-05,UY,1883,Argentina,Uruguay
1968-06-20,UY,1869,Argentina,Uruguay
1968-08-07,BR,2007,Argentina,Brazil
1968-08-11,BR,2012,Argentina,Brazil
1968-08-29,PE,1593,Argentina,Peru
1968-09-01,PE,1598,Argentina,Peru
1968-11-27,CL,1760,Argentina,Chile
1968-12-04,CL,1777,Argentina,Chile
1968-12-17,PL,1712,Argentina,Poland
1968-12-22,YU,1826,Argentina,Yugoslavia
1969-03-19,PY,1754,Argentina,Paraguay
1969-04-09,PY,1755,Argentina,Paraguay
1969-05-28,CL,1791,Argentina,Chile
1969-06-11,CL,1798,Argentina,Chile
1969-07-27,BO,1631,Argentina,Bolivia
1969-08-03,PE,1692,Argentina,Peru
1969-08-24,BO,1620,Argentina,Bolivia
1969-08-31,PE,1709,Argentina,Peru
1970-03-04,BR,2014,Argentina,Brazil
1970-03-08,BR,2017,Argentina,Brazil
1970-04-08,UY,1862,Argentina,Uruguay
1970-04-15,UY,1869,Argentina,Uruguay
1970-10-22,PY,1740,Argentina,Paraguay
1971-01-08,FR,1793,Argentina,France
1971-01-13,FR,1784,Argentina,France
1971-07-04,PY,1740,Argentina,Paraguay
1971-07-09,PY,1733,Argentina,Paraguay
1971-07-14,UY,1838,Argentina,Uruguay
1971-07-18,UY,1836,Argentina,Uruguay
1971-07-21,CL,1754,Argentina,Chile
1971-07-28,BR,2148,Argentina,Brazil
1971-07-31,BR,2141,Argentina,Brazil
1971-08-04,CL,1747,Argentina,Chile
1972-05-25,PY,1756,Argentina,Paraguay
1972-05-31,CL,1727,Argentina,Chile
1972-06-22,CO,1408,Argentina,Colombia
1972-06-25,FR,1786,Argentina,France
1972-06-29,PT,1896,Argentina,Portugal
1972-07-02,SU,1949,Argentina,Soviet Union
1972-07-06,UY,1790,Argentina,Uruguay
1972-07-09,YU,1910,Argentina,Yugoslavia
1972-09-27,CL,1710,Argentina,Chile
1972-10-11,ES,1883,Argentina,Spain
1972-10-25,PE,1688,Argentina,Peru
1973-02-06,MX,1824,Argentina,Mexico
1973-02-14,WG,2127,Argentina,West Germany
1973-02-20,IL,1705,Argentina,Israel
1973-05-17,UY,1797,Argentina,Uruguay
1973-05-23,UY,1796,Argentina,Uruguay
1973-07-13,CL,1709,Argentina,Chile
1973-07-18,CL,1736,Argentina,Chile
1973-07-27,PE,1683,Argentina,Peru
1973-09-09,BO,1547,Argentina,Bolivia
1973-09-16,PY,1782,Argentina,Paraguay
1973-09-23,BO,1538,Argentina,Bolivia
1973-10-07,PY,1776,Argentina,Paraguay
1974-04-22,RO,1787,Argentina,Romania
1974-05-18,FR,1772,Argentina,France
1974-05-22,EN,1957,Argentina,England
1974-05-26,NL,1847,Argentina,Netherlands
1974-06-15,PL,1983,Argentina,Poland
1974-06-19,IT,1999,Argentina,Italy
1974-06-23,HT,1572,Argentina,Haiti
1974-06-26,NL,1974,Argentina,Netherlands
1974-06-30,BR,2127,Argentina,Brazil
1974-07-03,DD,1918,Argentina,East Germany
1974-10-12,ES,1899,Argentina,Spain
1974-11-06,CL,1752,Argentina,Chile
1974-11-20,CL,1760,Argentina,Chile
1975-06-27,BO,1523,Argentina,Bolivia
1975-07-18,UY,1735,Argentina,Uruguay
1975-08-03,VE,1360,Argentina,Venezuela
1975-08-06,BR,2048,Argentina,Brazil
1975-08-10,VE,1356,Argentina,Venezuela
1975-08-16,BR,2069,Argentina,Brazil
1975-08-21,US,1413,Argentina,United States
1975-08-28,CR,1604,Argentina,Costa Rica
1975-08-31,MX,1759,Argentina,Mexico
1976-02-25,PY,1663,Argentina,Paraguay
1976-02-27,BR,2046,Argentina,Brazil
1976-03-20,SU,1849,Argentina,Soviet Union
1976-03-24,PL,2022,Argentina,Poland
1976-03-27,HU,1829,Argentina,Hungary
1976-04-08,UY,1683,Argentina,Uruguay
1976-04-28,PY,1690,Argentina,Paraguay
1976-05-19,BR,2046,Argentina,Brazil
1976-06-09,UY,1652,Argentina,Uruguay
1976-10-13,CL,1659,Argentina,Chile
1976-10-28,PE,1752,Argentina,Peru
1976-11-10,PE,1747,Argentina,Peru
1976-11-28,SU,1877,Argentina,Soviet Union
1977-02-27,HU,1850,Argentina,Hungary
1977-03-22,IR,1721,Argentina,Iran
1977-05-29,PL,1927,Argentina,Poland
1977-06-05,WG,2137,Argentina,West Germany
1977-06-12,EN,1913,Argentina,England
1977-06-18,SQ,1981,Argentina,Scotland
1977-06-26,FR,1830,Argentina,France
1977-07-03,YU,1803,Argentina,Yugoslavia
1977-07-12,DD,1955,Argentina,East Germany
1977-08-24,PY,1693,Argentina,Paraguay
1977-08-31,PY,1724,Argentina,Paraguay
1978-03-19,PE,1764,Argentina,Peru
1978-03-23,PE,1745,Argentina,Peru
1978-03-29,BG,1744,Argentina,Bulgaria
1978-04-05,RO,1839,Argentina,Romania
1978-04-25,UY,1678,Argentina,Uruguay
1978-05-03,UY,1674,Argentina,Uruguay
1978-06-02,HU,1887,Argentina,Hungary
1978-06-06,FR,1848,Argentina,France
1978-06-10,IT,2034,Argentina,Italy
1978-06-14,PL,1935,Argentina,Poland
1978-06-18,BR,2093,Argentina,Brazil
1978-06-21,PE,1809,Argentina,Peru
1978-06-25,NL,2058,Argentina,Netherlands
1979-04-25,BG,1730,Argentina,Bulgaria
1979-05-22,NL,2024,Argentina,Netherlands
1979-05-26,IT,2010,Argentina,Italy
1979-05-29,IE,1722,Argentina,Ireland
1979-06-02,SQ,1841,Argentina,Scotland
1979-07-18,BO,1598,Argentina,Bolivia
1979-08-02,BR,2112,Argentina,Brazil
1979-08-08,BO,1625,Argentina,Bolivia
1979-08-23,BR,2113,Argentina,Brazil
1979-09-12,WG,2042,Argentina,West Germany
1979-09-16,YU,1855,Argentina,Yugoslavia
1980-05-13,EN,2076,Argentina,England
1980-05-16,IE,1724,Argentina,Ireland
1980-05-21,AT,1911,Argentina,Austria
1980-09-18,CL,1706,Argentina,Chile
1980-10-09,BG,1678,Argentina,Bulgaria
1980-10-12,PL,1929,Argentina,Poland
1980-10-15,CS,1917,Argentina,Czechoslovakia
1980-12-04,SU,1957,Argentina,Soviet Union
1980-12-16,CH,1585,Argentina,Switzerland
1981-01-01,WG,2096,Argentina,West Germany
1981-01-04,BR,2044,Argentina,Brazil
1981-10-28,PL,1972,Argentina,Poland
1981-11-11,CS,1890,Argentina,Czechoslovakia
1982-03-09,CS,1903,Argentina,Czechoslovakia
1982-03-24,WG,2105,Argentina,West Germany
1982-04-14,SU,2011,Argentina,Soviet Union
1982-05-05,BG,1734,Argentina,Bulgaria
1982-05-12,RO,1772,Argentina,Romania
1982-06-13,BE,1954,Argentina,Belgium
1982-06-18,HU,1802,Argentina,Hungary
1982-06-23,SV,1556,Argentina,El Salvador
1982-06-29,IT,1911,Argentina,Italy
1982-07-02,BR,2164,Argentina,Brazil
1983-05-12,CL,1705,Argentina,Chile
1983-06-23,CL,1702,Argentina,Chile
1983-07-14,PY,1699,Argentina,Paraguay
1983-07-21,PY,1710,Argentina,Paraguay
1983-08-10,EC,1505,Argentina,Ecuador
1983-08-24,BR,2078,Argentina,Brazil
1983-09-07,EC,1523,Argentina,Ecuador
1983-09-14,BR,2063,Argentina,Brazil
1984-01-14,IN,1253,Argentina,India
1984-01-17,PL,1919,Argentina,Poland
1984-01-20,CN,1599,Argentina,China
1984-06-17,BR,1939,Argentina,Brazil
1984-07-18,UY,1884,Argentina,Uruguay
1984-08-02,UY,1887,Argentina,Uruguay
1984-08-24,CO,1606,Argentina,Colombia
1984-09-01,CH,1721,Argentina,Switzerland
1984-09-05,BE,1857,Argentina,Belgium
1984-09-12,WG,1960,Argentina,West Germany
1984-09-18,MX,1753,Argentina,Mexico
1984-10-25,MX,1776,Argentina,Mexico
1985-04-28,PY,1724,Argentina,Paraguay
1985-05-05,BR,1944,Argentina,Brazil
1985-05-09,PY,1730,Argentina,Paraguay
1985-05-14,CL,1786,Argentina,Chile
1985-05-26,VE,1390,Argentina,Venezuela
1985-06-02,CO,1661,Argentina,Colombia
1985-06-09,VE,1378,Argentina,Venezuela
1985-06-16,CO,1663,Argentina,Colombia
1985-06-23,PE,1723,Argentina,Peru
1985-06-30,PE,1736,Argentina,Peru
1985-11-14,MX,1791,Argentina,Mexico
1985-11-17,MX,1791,Argentina,Mexico
1986-03-26,FR,1991,Argentina,France
1986-04-30,NO,1716,Argentina,Norway
1986-05-04,IL,1619,Argentina,Israel
1986-06-02,KR,1600,Argentina,South Korea
1986-06-05,IT,1881,Argentina,Italy
1986-06-10,BG,1792,Argentina,Bulgaria
1986-06-16,UY,1778,Argentina,Uruguay
1986-06-22,EN,1963,Argentina,England
1986-06-25,BE,1841,Argentina,Belgium
1986-06-29,WG,1964,Argentina,West Germany
1987-06-10,IT,1910,Argentina,Italy
1987-06-20,PY,1824,Argentina,Paraguay
1987-06-27,PE,1667,Argentina,Peru
1987-07-02,EC,1521,Argentina,Ecuador
1987-07-09,UY,1824,Argentina,Uruguay
1987-07-11,CO,1758,Argentina,Colombia
1987-12-16,WG,1967,Argentina,West Germany
1988-03-31,SU,2002,Argentina,Soviet Union
1988-04-02,WG,1969,Argentina,West Germany
1988-07-06,SA,1490,Argentina,Saudi Arabia
1988-07-10,BR,1965,Argentina,Brazil
1988-07-14,AU,1716,Argentina,Australia
1988-07-16,SA,1437,Argentina,Saudi Arabia
1988-10-12,ES,1866,Argentina,Spain
1989-03-09,CO,1839,Argentina,Colombia
1989-04-13,EC,1587,Argentina,Ecuador
1989-04-20,CL,1766,Argentina,Chile
1989-07-02,CL,1755,Argentina,Chile
1989-07-04,EC,1631,Argentina,Ecuador
1989-07-08,UY,1829,Argentina,Uruguay
1989-07-10,BO,1495,Argentina,Bolivia
1989-07-12,BR,1951,Argentina,Brazil
1989-07-14,UY,1905,Argentina,Uruguay
1989-07-16,PY,1771,Argentina,Paraguay
1989-12-21,IT,1963,Argentina,Italy
1990-01-17,MX,1915,Argentina,Mexico
1990-03-28,SQ,1775,Argentina,Scotland
1990-05-03,AT,1750,Argentina,Austria
1990-05-08,CH,1682,Argentina,Switzerland
1990-05-22,IL,1624,Argentina,Israel
1990-06-08,CM,1674,Argentina,Cameroon
1990-06-13,SU,1829,Argentina,Soviet Union
1990-06-18,RO,1887,Argentina,Romania
1990-06-24,BR,1988,Argentina,Brazil
1990-06-30,YU,1921,Argentina,Yugoslavia
1990-07-03,IT,2013,Argentina,Italy
1990-07-08,WG,2075,Argentina,West Germany
1991-02-19,HU,1749,Argentina,Hungary
1991-03-13,MX,1869,Argentina,Mexico
1991-03-27,BR,1951,Argentina,Brazil
1991-05-19,US,1610,Argentina,United States
1991-05-23,SU,1899,Argentina,Soviet Union
1991-05-25,EN,1992,Argentina,England
1991-06-27,BR,1952,Argentina,Brazil
1991-07-08,VE,1365,Argentina,Venezuela
1991-07-10,CL,1778,Argentina,Chile
1991-07-12,PY,1747,Argentina,Paraguay
1991-07-14,PE,1551,Argentina,Peru
1991-07-17,BR,1887,Argentina,Brazil
1991-07-19,CL,1806,Argentina,Chile
1991-07-21,CO,1767,Argentina,Colombia
1992-05-30,JP,1372,Argentina,Japan
1992-06-03,WA,1769,Argentina,Wales
1992-06-18,AU,1706,Argentina,Australia
1992-09-23,UY,1866,Argentina,Uruguay
1992-10-16,CI,1704,Argentina,Ivory Coast
1992-10-20,SA,1628,Argentina,Saudi Arabia
1992-11-26,PL,1795,Argentina,Poland
1993-02-18,BR,2001,Argentina,Brazil
1993-02-24,DK,1922,Argentina,Denmark
1993-06-17,BO,1571,Argentina,Bolivia
1993-06-20,MX,1838,Argentina,Mexico
1993-06-23,CO,1811,Argentina,Colombia
1993-06-27,BR,1958,Argentina,Brazil
1993-07-01,CO,1823,Argentina,Colombia
1993-07-04,MX,1867,Argentina,Mexico
1993-08-01,PE,1584,Argentina,Peru
1993-08-08,PY,1668,Argentina,Paraguay
1993-08-15,CO,1870,Argentina,Colombia
1993-08-22,PE,1560,Argentina,Peru
1993-08-29,PY,1700,Argentina,Paraguay
1993-09-05,CO,1933,Argentina,Colombia
1993-10-31,AU,1727,Argentina,Australia
1993-11-17,AU,1720,Argentina,Australia
1993-12-15,DE,2009,Argentina,Germany
1994-03-23,BR,1960,Argentina,Brazil
1994-04-20,MA,1666,Argentina,Morocco
1994-05-18,CL,1770,Argentina,Chile
1994-05-25,EC,1649,Argentina,Ecuador
1994-05-31,IL,1571,Argentina,Israel
1994-06-04,HR,1864,Argentina,Croatia
1994-06-21,GR,1664,Argentina,Greece
1994-06-25,NG,1776,Argentina,Nigeria
1994-06-30,BG,1829,Argentina,Bulgaria
1994-07-03,RO,1892,Argentina,Romania
1994-11-16,CL,1740,Argentina,Chile
1994-12-27,YU,1917,Argentina,Yugoslavia
1995-01-08,JP,1566,Argentina,Japan
1995-01-10,NG,1810,Argentina,Nigeria
1995-01-13,DK,1954,Argentina,Denmark
1995-02-14,BG,1845,Argentina,Bulgaria
1995-05-13,ZA,1659,Argentina,South Africa
1995-05-31,PE,1573,Argentina,Peru
1995-06-14,PY,1692,Argentina,Paraguay
1995-06-30,AU,1704,Argentina,Australia
1995-07-08,BO,1658,Argentina,Bolivia
1995-07-11,CL,1675,Argentina,Chile
1995-07-14,US,1746,Argentina,United States
1995-07-17,BR,2102,Argentina,Brazil
1995-09-20,ES,1979,Argentina,Spain
1995-10-11,CO,1876,Argentina,Colombia
1995-11-08,BR,2109,Argentina,Brazil
1995-12-21,VE,1342,Argentina,Venezuela
1996-04-24,BO,1689,Argentina,Bolivia
1996-06-02,EC,1725,Argentina,Ecuador
1996-07-07,PE,1563,Argentina,Peru
1996-09-01,PY,1800,Argentina,Paraguay
1996-10-09,VE,1383,Argentina,Venezuela
1996-12-15,CL,1742,Argentina,Chile
1996-12-28,YU,1931,Argentina,Yugoslavia
1997-01-12,UY,1769,Argentina,Uruguay
1997-02-12,CO,1885,Argentina,Colombia
1997-04-02,BO,1708,Argentina,Bolivia
1997-04-30,EC,1691,Argentina,Ecuador
1997-06-08,PE,1666,Argentina,Peru
1997-06-11,EC,1707,Argentina,Ecuador
1997-06-14,CL,1692,Argentina,Chile
1997-06-17,PY,1824,Argentina,Paraguay
1997-06-21,PE,1715,Argentina,Peru
1997-07-06,PY,1785,Argentina,Paraguay
1997-07-20,VE,1356,Argentina,Venezuela
1997-09-10,CL,1692,Argentina,Chile
1997-10-12,UY,1693,Argentina,Uruguay
1997-11-16,CO,1787,Argentina,Colombia
1998-02-24,YU,1963,Argentina,Yugoslavia
1998-03-10,BG,1811,Argentina,Bulgaria
1998-04-15,IL,1674,Argentina,Israel
1998-04-22,IE,1698,Argentina,Ireland
1998-04-29,BR,2091,Argentina,Brazil
1998-05-14,BA,1624,Argentina,Bosnia and Herzegovina
1998-05-19,CL,1788,Argentina,Chile
1998-05-25,ZA,1643,Argentina,South Africa
1998-06-14,JP,1726,Argentina,Japan
1998-06-21,JM,1607,Argentina,Jamaica
1998-06-26,HR,1882,Argentina,Croatia
1998-06-30,EN,1971,Argentina,England
1998-07-04,NL,2025,Argentina,Netherlands
1999-02-03,VE,1337,Argentina,Venezuela
1999-02-10,MX,1855,Argentina,Mexico
1999-03-31,NL,1987,Argentina,Netherlands
1999-06-09,MX,1876,Argentina,Mexico
1999-06-13,US,1737,Argentina,United States
1999-06-26,LT,1488,Argentina,Lithuania
1999-07-01,EC,1718,Argentina,Ecuador
1999-07-04,CO,1829,Argentina,Colombia
1999-07-07,UY,1742,Argentina,Uruguay
1999-07-11,BR,2083,Argentina,Brazil
1999-09-04,BR,2087,Argentina,Brazil
1999-09-07,BR,2095,Argentina,Brazil
1999-10-13,CO,1792,Argentina,Colombia
1999-11-17,ES,2006,Argentina,Spain
2000-02-23,EN,1905,Argentina,England
2000-03-29,CL,1712,Argentina,Chile
2000-04-26,VE,1391,Argentina,Venezuela
2000-06-04,BO,1637,Argentina,Bolivia
2000-06-29,CO,1745,Argentina,Colombia
2000-07-19,EC,1680,Argentina,Ecuador
2000-07-26,BR,2065,Argentina,Brazil
2000-08-16,PY,1811,Argentina,Paraguay
2000-09-03,PE,1706,Argentina,Peru
2000-10-08,UY,1760,Argentina,Uruguay
2000-11-15,CL,1713,Argentina,Chile
2000-12-20,MX,1824,Argentina,Mexico
2001-02-28,IT,2002,Argentina,Italy
2001-03-28,VE,1412,Argentina,Venezuela
2001-04-25,BO,1583,Argentina,Bolivia
2001-06-03,CO,1783,Argentina,Colombia
2001-08-15,EC,1702,Argentina,Ecuador
2001-09-05,BR,1867,Argentina,Brazil
2001-10-07,PY,1810,Argentina,Paraguay
2001-11-08,PE,1635,Argentina,Peru
2001-11-14,UY,1763,Argentina,Uruguay
2002-02-13,WA,1560,Argentina,Wales
2002-03-27,CM,1808,Argentina,Cameroon
2002-04-17,DE,1875,Argentina,Germany
2002-06-02,NG,1753,Argentina,Nigeria
2002-06-07,EN,1958,Argentina,England
2002-06-12,SE,1899,Argentina,Sweden
2002-11-20,JP,1805,Argentina,Japan
2003-01-31,HN,1758,Argentina,Honduras
2003-02-04,MX,1829,Argentina,Mexico
2003-02-08,US,1824,Argentina,United States
2003-02-12,NL,2056,Argentina,Netherlands
2003-04-30,LY,1353,Argentina,Libya
2003-06-08,JP,1781,Argentina,Japan
2003-06-11,KR,1746,Argentina,South Korea
2003-07-16,UY,1808,Argentina,Uruguay
2003-08-20,UY,1856,Argentina,Uruguay
2003-09-06,CL,1636,Argentina,Chile
2003-09-09,VE,1599,Argentina,Venezuela
2003-11-15,BO,1601,Argentina,Bolivia
2003-11-19,CO,1705,Argentina,Colombia
2004-03-30,EC,1710,Argentina,Ecuador
2004-04-28,MA,1682,Argentina,Morocco
2004-06-02,BR,2017,Argentina,Brazil
2004-06-06,PY,1784,Argentina,Paraguay
2004-06-27,CO,1785,Argentina,Colombia
2004-06-30,PE,1690,Argentina,Peru
2004-07-07,EC,1712,Argentina,Ecuador
2004-07-10,MX,1877,Argentina,Mexico
2004-07-13,UY,1722,Argentina,Uruguay
2004-07-17,PE,1689,Argentina,Peru
2004-07-20,CO,1813,Argentina,Colombia
2004-07-25,BR,2005,Argentina,Brazil
2004-08-18,JP,1852,Argentina,Japan
2004-09-04,PE,1676,Argentina,Peru
2004-10-09,UY,1812,Argentina,Uruguay
2004-10-13,CL,1669,Argentina,Chile
2004-11-17,VE,1639,Argentina,Venezuela
2005-02-09,DE,1882,Argentina,Germany
2005-03-09,MX,1900,Argentina,Mexico
2005-03-26,BO,1583,Argentina,Bolivia
2005-03-30,CO,1789,Argentina,Colombia
2005-06-04,EC,1774,Argentina,Ecuador
2005-06-08,BR,1964,Argentina,Brazil
2005-06-15,TN,1652,Argentina,Tunisia
2005-06-18,AU,1778,Argentina,Australia
2005-06-21,DE,1912,Argentina,Germany
2005-06-26,MX,1955,Argentina,Mexico
2005-06-29,BR,2035,Argentina,Brazil
2005-08-17,HU,1614,Argentina,Hungary
2005-09-03,PY,1777,Argentina,Paraguay
2005-10-09,PE,1644,Argentina,Peru
2005-10-12,UY,1841,Argentina,Uruguay
2005-11-12,EN,1963,Argentina,England
2005-11-16,QA,1517,Argentina,Qatar
2006-03-01,HR,1846,Argentina,Croatia
2006-05-30,AO,1572,Argentina,Angola
2006-06-10,CI,1749,Argentina,Ivory Coast
2006-06-16,RM,1748,Argentina,Serbia and Montenegro
2006-06-21,NL,2016,Argentina,Netherlands
2006-06-24,MX,1821,Argentina,Mexico
2006-06-30,DE,1964,Argentina,Germany
2006-09-03,BR,2068,Argentina,Brazil
2006-10-11,ES,1898,Argentina,Spain
2007-02-07,FR,2045,Argentina,France
2007-04-18,CL,1743,Argentina,Chile
2007-06-02,CH,1830,Argentina,Switzerland
2007-06-05,DZ,1433,Argentina,Algeria
2007-06-28,US,1812,Argentina,United States
2007-07-02,CO,1754,Argentina,Colombia
2007-07-05,PY,1841,Argentina,Paraguay
2007-07-08,PE,1648,Argentina,Peru
2007-07-11,MX,1896,Argentina,Mexico
2007-07-15,BR,2079,Argentina,Brazil
2007-08-22,NO,1769,Argentina,Norway
2007-09-11,AU,1717,Argentina,Australia
2007-10-13,CL,1747,Argentina,Chile
2007-10-16,VE,1663,Argentina,Venezuela
2007-11-17,BO,1571,Argentina,Bolivia
2007-11-20,CO,1838,Argentina,Colombia
2008-02-06,GT,1503,Argentina,Guatemala
2008-03-26,EG,1820,Argentina,Egypt
2008-06-04,MX,1884,Argentina,Mexico
2008-06-08,US,1790,Argentina,United States
2008-06-15,EC,1694,Argentina,Ecuador
2008-06-18,BR,2010,Argentina,Brazil
2008-08-20,BY,1590,Argentina,Belarus
2008-09-06,PY,1813,Argentina,Paraguay
2008-09-10,PE,1647,Argentina,Peru
2008-10-11,UY,1833,Argentina,Uruguay
2008-10-15,CL,1804,Argentina,Chile
2008-11-19,SQ,1720,Argentina,Scotland
2009-02-11,FR,1876,Argentina,France
2009-03-28,VE,1655,Argentina,Venezuela
2009-04-01,BO,1654,Argentina,Bolivia
2009-05-20,PA,1583,Argentina,Panama
2009-06-06,CO,1724,Argentina,Colombia
2009-06-10,EC,1751,Argentina,Ecuador
2009-08-12,RU,1897,Argentina,Russia
2009-09-05,BR,2143,Argentina,Brazil
2009-09-09,PY,1807,Argentina,Paraguay
2009-09-30,GH,1734,Argentina,Ghana
2009-10-10,PE,1554,Argentina,Peru
2009-10-14,UY,1806,Argentina,Uruguay
2009-11-14,ES,2091,Argentina,Spain
2010-01-26,CR,1699,Argentina,Costa Rica
2010-02-10,JM,1624,Argentina,Jamaica
2010-03-03,DE,1947,Argentina,Germany
2010-05-05,HT,1429,Argentina,Haiti
2010-05-24,CA,1596,Argentina,Canada
2010-06-12,NG,1699,Argentina,Nigeria
2010-06-17,KR,1772,Argentina,South Korea
2010-06-22,GR,1706,Argentina,Greece
2010-06-27,MX,1857,Argentina,Mexico
2010-07-03,DE,2068,Argentina,Germany
2010-08-11,IE,1766,Argentina,Ireland
2010-09-07,ES,2137,Argentina,Spain
2010-10-08,JP,1783,Argentina,Japan
2010-11-17,BR,2095,Argentina,Brazil
2011-02-09,PT,1891,Argentina,Portugal
2011-03-16,VE,1697,Argentina,Venezuela
2011-03-26,US,1772,Argentina,United States
2011-03-29,CR,1670,Argentina,Costa Rica
2011-04-20,EC,1722,Argentina,Ecuador
2011-05-25,PY,1778,Argentina,Paraguay
2011-06-01,NG,1688,Argentina,Nigeria
2011-06-05,PL,1690,Argentina,Poland
2011-06-20,AL,1523,Argentina,Albania
2011-07-01,BO,1588,Argentina,Bolivia
2011-07-06,CO,1799,Argentina,Colombia
2011-07-11,CR,1662,Argentina,Costa Rica
2011-07-16,UY,1905,Argentina,Uruguay
2011-09-02,VE,1710,Argentina,Venezuela
2011-09-06,NG,1675,Argentina,Nigeria
2011-09-14,BR,2036,Argentina,Brazil
2011-09-28,BR,2046,Argentina,Brazil
2011-10-07,CL,1867,Argentina,Chile
2011-10-11,VE,1721,Argentina,Venezuela
2011-11-11,BO,1541,Argentina,Bolivia
2011-11-15,CO,1768,Argentina,Colombia
2012-02-29,CH,1753,Argentina,Switzerland
2012-06-02,EC,1769,Argentina,Ecuador
2012-06-09,BR,2044,Argentina,Brazil
2012-08-15,DE,2038,Argentina,Germany
2012-09-07,PY,1751,Argentina,Paraguay
2012-09-11,PE,1729,Argentina,Peru
2012-09-19,BR,2070,Argentina,Brazil
2012-10-12,UY,1897,Argentina,Uruguay
2012-10-16,CL,1823,Argentina,Chile
2012-11-14,SA,1485,Argentina,Saudi Arabia
2012-11-21,BR,2061,Argentina,Brazil
2013-02-06,SE,1896,Argentina,Sweden
2013-03-22,VE,1703,Argentina,Venezuela
2013-03-26,BO,1636,Argentina,Bolivia
2013-06-07,CO,1898,Argentina,Colombia
2013-06-11,EC,1856,Argentina,Ecuador
2013-06-14,GT,1484,Argentina,Guatemala
2013-08-14,IT,1920,Argentina,Italy
2013-09-10,PY,1712,Argentina,Paraguay
2013-10-11,PE,1723,Argentina,Peru
2013-10-15,UY,1919,Argentina,Uruguay
2013-11-15,EC,1840,Argentina,Ecuador
2013-11-18,BA,1783,Argentina,Bosnia and Herzegovina
2014-03-05,RO,1724,Argentina,Romania
2014-06-04,TT,1503,Argentina,Trinidad and Tobago
2014-06-07,SI,1641,Argentina,Slovenia
2014-06-15,BA,1773,Argentina,Bosnia and Herzegovina
2014-06-21,IR,1708,Argentina,Iran
2014-06-25,NG,1750,Argentina,Nigeria
2014-07-01,CH,1845,Argentina,Switzerland
2014-07-05,BE,1910,Argentina,Belgium
2014-07-09,NL,2094,Argentina,Netherlands
2014-07-13,DE,2222,Argentina,Germany
2014-09-03,DE,2198,Argentina,Germany
2014-10-11,BR,2024,Argentina,Brazil
2014-10-14,HK,1168,Argentina,Hong Kong
2014-11-12,HR,1815,Argentina,Croatia
2014-11-18,PT,1910,Argentina,Portugal
2015-03-28,SV,1505,Argentina,El Salvador
2015-03-31,EC,1832,Argentina,Ecuador
2015-06-06,BO,1624,Argentina,Bolivia
2015-06-13,PY,1700,Argentina,Paraguay
2015-06-16,UY,1901,Argentina,Uruguay
2015-06-20,JM,1518,Argentina,Jamaica
2015-06-26,CO,2003,Argentina,Colombia
2015-06-30,PY,1730,Argentina,Paraguay
2015-07-04,CL,1975,Argentina,Chile
2015-09-04,BO,1635,Argentina,Bolivia
2015-09-08,MX,1867,Argentina,Mexico
2015-10-08,EC,1874,Argentina,Ecuador
2015-10-13,PY,1730,Argentina,Paraguay
2015-11-13,BR,2028,Argentina,Brazil
2015-11-17,CO,1954,Argentina,Colombia
2016-03-24,CL,1952,Argentina,Chile
2016-03-29,BO,1612,Argentina,Bolivia
2016-05-27,HN,1525,Argentina,Honduras
2016-06-06,CL,1920,Argentina,Chile
2016-06-10,PA,1685,Argentina,Panama
2016-06-14,BO,1573,Argentina,Bolivia
2016-06-18,VE,1685,Argentina,Venezuela
2016-06-21,US,1786,Argentina,United States
2016-06-26,CL,2040,Argentina,Chile
2016-09-01,UY,1888,Argentina,Uruguay
2016-09-06,VE,1694,Argentina,Venezuela
2016-10-06,PE,1824,Argentina,Peru
2016-10-11,PY,1763,Argentina,Paraguay
2016-11-10,BR,2066,Argentina,Brazil
2016-11-15,CO,1929,Argentina,Colombia
2017-03-23,CL,1973,Argentina,Chile
2017-03-28,BO,1680,Argentina,Bolivia
2017-06-09,BR,2109,Argentina,Brazil
2017-06-13,SG,1081,Argentina,Singapore
2017-08-31,UY,1846,Argentina,Uruguay
2017-09-05,VE,1715,Argentina,Venezuela
2017-10-05,PE,1894,Argentina,Peru
2017-10-10,EC,1746,Argentina,Ecuador
2017-11-11,RU,1691,Argentina,Russia
2017-11-14,NG,1696,Argentina,Nigeria
2018-03-23,IT,1893,Argentina,Italy
2018-03-27,ES,2047,Argentina,Spain
2018-05-29,HT,1492,Argentina,Haiti
2018-06-16,IS,1781,Argentina,Iceland
2018-06-21,HR,1942,Argentina,Croatia
2018-06-26,NG,1702,Argentina,Nigeria
2018-06-30,FR,2028,Argentina,France
2018-09-07,GT,1515,Argentina,Guatemala
2018-09-11,CO,1942,Argentina,Colombia
2018-10-11,IQ,1559,Argentina,Iraq
2018-10-16,BR,2130,Argentina,Brazil
2018-11-16,MX,1789,Argentina,Mexico
2018-11-20,MX,1779,Argentina,Mexico
2019-03-22,VE,1778,Argentina,Venezuela
2019-03-26,MA,1704,Argentina,Morocco
2019-06-07,NI,1297,Argentina,Nicaragua
2019-06-15,CO,2004,Argentina,Colombia
2019-06-19,PY,1721,Argentina,Paraguay
2019-06-23,QA,1729,Argentina,Qatar
2019-06-28,VE,1796,Argentina,Venezuela
2019-07-02,BR,2115,Argentina,Brazil
2019-07-06,CL,1810,Argentina,Chile
2019-09-05,CL,1813,Argentina,Chile
2019-09-10,MX,1879,Argentina,Mexico
2019-10-09,DE,1947,Argentina,Germany
2019-10-13,EC,1727,Argentina,Ecuador
2019-11-15,BR,2076,Argentina,Brazil
2019-11-18,UY,1966,Argentina,Uruguay
2020-10-08,EC,1720,Argentina,Ecuador
2020-10-13,BO,1585,Argentina,Bolivia
2020-11-12,PY,1783,Argentina,Paraguay
2020-11-17,PE,1792,Argentina,Peru
2021-06-03,CL,1829,Argentina,Chile
2021-06-08,CO,1928,Argentina,Colombia
2021-06-14,CL,1826,Argentina,Chile
2021-06-18,UY,1914,Argentina,Uruguay
2021-06-21,PY,1782,Argentina,Paraguay
2021-06-28,BO,1580,Argentina,Bolivia
2021-07-03,EC,1782,Argentina,Ecuador
2021-07-06,CO,1905,Argentina,Colombia
2021-07-10,BR,2114,Argentina,Brazil
2021-09-02,VE,1736,Argentina,Venezuela
2021-09-09,BO,1586,Argentina,Bolivia
2021-10-07,PY,1809,Argentina,Paraguay
2021-10-10,UY,1923,Argentina,Uruguay
2021-10-14,PE,1802,Argentina,Peru
2021-11-12,UY,1897,Argentina,Uruguay
2021-11-16,BR,2149,Argentina,Brazil
2022-01-27,CL,1784,Argentina,Chile
2022-02-01,CO,1872,Argentina,Colombia
2022-03-25,VE,1688,Argentina,Venezuela
2022-03-29,EC,1839,Argentina,Ecuador
2022-06-01,IT,1967,Argentina,Italy
2022-06-05,EE,1385,Argentina,Estonia
2022-09-23,HN,1461,Argentina,Honduras
2022-09-27,JM,1552,Argentina,Jamaica
2022-11-16,AE,1484,Argentina,United Arab Emirates
2022-11-22,SA,1693,Argentina,Saudi Arabia
2022-11-26,MX,1793,Argentina,Mexico
2022-11-30,PL,1826,Argentina,Poland
2022-12-03,AU,1772,Argentina,Australia
2022-12-09,NL,2073,Argentina,Netherlands
2022-12-13,HR,1923,Argentina,Croatia
2022-12-18,FR,2081,Argentina,France
2023-03-23,PA,1640,Argentina,Panama
2023-03-28,CW,1350,Argentina,Curaçao
2023-06-15,AU,1771,Argentina,Australia
2023-06-19,ID,1286,Argentina,Indonesia
2023-09-07,EC,1848,Argentina,Ecuador
2023-09-12,BO,1596,Argentina,Bolivia
2023-10-12,PY,1703,Argentina,Paraguay
2023-10-17,PE,1787,Argentina,Peru
2023-11-16,UY,2002,Argentina,Uruguay
2023-11-21,BR,2011,Argentina,Brazil
2024-03-22,SV,1394,Argentina,El Salvador
2024-03-26,CR,1605,Argentina,Costa Rica
2024-06-09,EC,1868,Argentina,Ecuador
2024-06-14,GT,1485,Argentina,Guatemala
2024-06-20,CA,1714,Argentina,Canada
2024-06-25,CL,1722,Argentina,Chile
2024-06-29,PE,1710,Argentina,Peru
2024-07-04,EC,1870,Argentina,Ecuador
2024-07-09,CA,1739,Argentina,Canada
2024-07-14,CO,2050,Argentina,Colombia
2024-09-05,CL,1720,Argentina,Chile
2024-09-10,CO,2060,Argentina,Colombia
2024-10-10,VE,1783,Argentina,Venezuela
2024-10-15,BO,1668,Argentina,Bolivia
2024-11-14,PY,1776,Argentina,Paraguay
2024-11-19,PE,1723,Argentina,Peru
2025-03-21,UY,1931,Argentina,Uruguay
2025-03-25,BR,1993,Argentina,Brazil
2025-06-05,CL,1717,Argentina,Chile
2025-06-10,CO,1950,Argentina,Colombia
2025-09-04,VE,1741,Argentina,Venezuela
2025-09-09,EC,1933,Argentina,Ecuador
2025-10-10,VE,1715,Argentina,Venezuela
2025-10-14,PR,1134,Argentina,Puerto Rico
2025-11-14,AO,1566,Argentina,Angola
2026-03-27,MR,1311,Argentina,Mauritania
2026-03-31,ZM,1371,Argentina,Zambia
2026-06-06,HN,1570,Argentina,Honduras
2026-06-09,IS,1568,Argentina,Iceland
2026-06-16,DZ,1759,Argentina,Algeria
2026-06-22,AT,1841,Argentina,Austria
2026-06-27,JO,1628,Argentina,Jordan
2026-07-03,CV,1619,Argentina,Cape Verde
2026-07-07,EG,1742,Argentina,Egypt
2026-07-11,CH,1928,Argentina,Switzerland
2026-07-15,EN,2074,Argentina,England
2026-07-19,ES,2259,Argentina,Spain
1921-12-18,ES,2024,Portugal,Spain
1922-12-17,ES,2034,Portugal,Spain
1923-12-16,ES,2027,Portugal,Spain
1925-05-17,ES,1980,Portugal,Spain
1925-06-18,IT,1713,Portugal,Italy
1926-04-18,FR,1571,Portugal,France
1926-12-26,HU,1833,Portugal,Hungary
1927-03-16,FR,1587,Portugal,France
1927-04-17,IT,1774,Portugal,Italy
1928-01-08,ES,1997,Portugal,Spain
1928-04-01,AR,2001,Portugal,Argentina
1928-04-15,IT,1791,Portugal,Italy
1928-04-29,FR,1575,Portugal,France
1928-05-27,CL,1486,Portugal,Chile
1928-05-29,YU,1593,Portugal,Yugoslavia
1928-06-04,EG,1751,Portugal,Egypt
1929-03-17,ES,1908,Portugal,Spain
1929-03-24,FR,1587,Portugal,France
1929-12-01,IT,1928,Portugal,Italy
1930-01-12,CS,1900,Portugal,Czechoslovakia
1930-02-23,FR,1541,Portugal,France
1930-06-08,BE,1661,Portugal,Belgium
1930-11-30,ES,1933,Portugal,Spain
1931-04-12,IT,1973,Portugal,Italy
1931-05-31,BE,1603,Portugal,Belgium
1932-05-03,YU,1556,Portugal,Yugoslavia
1933-01-29,HU,1813,Portugal,Hungary
1933-04-02,ES,1930,Portugal,Spain
1934-03-11,ES,1925,Portugal,Spain
1934-03-18,ES,1937,Portugal,Spain
1935-05-05,ES,1966,Portugal,Spain
1936-01-26,AT,1913,Portugal,Austria
1936-02-27,DE,1912,Portugal,Germany
1938-01-09,HU,1925,Portugal,Hungary
1938-04-24,DE,1846,Portugal,Germany
1938-05-01,CH,1682,Portugal,Switzerland
1938-11-06,CH,1711,Portugal,Switzerland
1939-02-12,CH,1727,Portugal,Switzerland
1940-01-28,FR,1690,Portugal,France
1941-01-12,ES,1942,Portugal,Spain
1941-03-16,ES,1946,Portugal,Spain
1942-01-01,CH,1736,Portugal,Switzerland
1945-03-11,ES,1940,Portugal,Spain
1945-05-06,ES,1943,Portugal,Spain
1945-05-21,CH,1754,Portugal,Switzerland
1946-04-14,FR,1675,Portugal,France
1946-06-16,IE,1675,Portugal,Ireland
1947-01-05,CH,1780,Portugal,Switzerland
1947-01-26,ES,1901,Portugal,Spain
1947-03-23,FR,1716,Portugal,France
1947-05-04,IE,1681,Portugal,Ireland
1947-05-25,EN,1975,Portugal,England
1947-11-23,FR,1760,Portugal,France
1948-03-21,ES,1892,Portugal,Spain
1948-05-23,IE,1670,Portugal,Ireland
1949-02-27,IT,1975,Portugal,Italy
1949-03-20,ES,1882,Portugal,Spain
1949-05-15,WA,1826,Portugal,Wales
1949-05-22,IE,1642,Portugal,Ireland
1950-04-02,ES,1906,Portugal,Spain
1950-04-09,ES,1899,Portugal,Spain
1950-05-14,EN,2064,Portugal,England
1950-05-21,SQ,1946,Portugal,Scotland
1951-04-08,IT,1990,Portugal,Italy
1951-05-12,WA,1751,Portugal,Wales
1951-05-19,EN,1983,Portugal,England
1951-06-17,BE,1675,Portugal,Belgium
1952-04-20,FR,1739,Portugal,France
1952-11-23,AT,1872,Portugal,Austria
1952-12-14,AR,2077,Portugal,Argentina
1953-09-27,AT,1871,Portugal,Austria
1953-11-22,ZA,1734,Portugal,South Africa
1953-11-29,AT,1859,Portugal,Austria
1954-03-14,BE,1747,Portugal,Belgium
1954-11-28,AR,2087,Portugal,Argentina
1954-12-19,WG,2041,Portugal,West Germany
1955-05-04,SQ,1801,Portugal,Scotland
1955-05-22,EN,1974,Portugal,England
1955-11-20,SE,1791,Portugal,Sweden
1955-12-18,TR,1664,Portugal,Turkey
1955-12-23,EG,1535,Portugal,Egypt
1956-03-25,TR,1680,Portugal,Turkey
1956-04-08,BR,2038,Portugal,Brazil
1956-06-03,ES,1815,Portugal,Spain
1956-06-09,HU,2088,Portugal,Hungary
1957-01-16,EI,1647,Portugal,Northern Ireland
1957-03-24,FR,1865,Portugal,France
1957-05-01,EI,1668,Portugal,Northern Ireland
1957-05-26,IT,1805,Portugal,Italy
1957-06-11,BR,1988,Portugal,Brazil
1957-06-16,BR,1991,Portugal,Brazil
1957-12-22,IT,1821,Portugal,Italy
1958-04-13,ES,1871,Portugal,Spain
1958-05-07,EN,2037,Portugal,England
1959-05-16,CH,1588,Portugal,Switzerland
1959-05-21,SE,1907,Portugal,Sweden
1959-06-03,SQ,1808,Portugal,Scotland
1959-06-21,DD,1489,Portugal,East Germany
1959-06-28,DD,1483,Portugal,East Germany
1959-11-11,FR,1919,Portugal,France
1960-04-27,WG,1872,Portugal,West Germany
1960-05-08,YU,1866,Portugal,Yugoslavia
1960-05-22,YU,1884,Portugal,Yugoslavia
1961-03-19,LU,1262,Portugal,Luxembourg
1961-05-21,EN,1964,Portugal,England
1961-06-04,AR,2017,Portugal,Argentina
1961-10-08,LU,1314,Portugal,Luxembourg
1961-10-25,EN,1961,Portugal,England
1962-05-06,BR,2096,Portugal,Brazil
1962-05-09,BR,2097,Portugal,Brazil
1962-05-17,BE,1667,Portugal,Belgium
1962-11-07,BG,1770,Portugal,Bulgaria
1962-12-16,BG,1735,Portugal,Bulgaria
1963-01-23,BG,1744,Portugal,Bulgaria
1963-04-21,BR,1969,Portugal,Brazil
1964-04-29,CH,1585,Portugal,Switzerland
1964-05-03,BE,1695,Portugal,Belgium
1964-05-17,EN,1947,Portugal,England
1964-05-31,AR,1944,Portugal,Argentina
1964-06-04,EN,1928,Portugal,England
1964-06-07,BR,1940,Portugal,Brazil
1964-11-15,ES,1926,Portugal,Spain
1965-01-24,TR,1664,Portugal,Turkey
1965-04-19,TR,1641,Portugal,Turkey
1965-04-25,CS,1860,Portugal,Czechoslovakia
1965-06-13,RO,1907,Portugal,Romania
1965-06-24,BR,1964,Portugal,Brazil
1965-10-31,CS,1901,Portugal,Czechoslovakia
1965-11-21,RO,1869,Portugal,Romania
1966-06-12,NO,1562,Portugal,Norway
1966-06-18,SQ,1797,Portugal,Scotland
1966-06-21,DK,1602,Portugal,Denmark
1966-06-26,UY,1848,Portugal,Uruguay
1966-07-03,RO,1862,Portugal,Romania
1966-07-13,HU,1896,Portugal,Hungary
1966-07-16,BG,1746,Portugal,Bulgaria
1966-07-19,BR,1919,Portugal,Brazil
1966-07-23,KP,1775,Portugal,North Korea
1966-07-26,EN,2048,Portugal,England
1966-07-28,SU,2013,Portugal,Soviet Union
1966-11-13,SE,1815,Portugal,Sweden
1967-03-27,IT,1947,Portugal,Italy
1967-06-01,SE,1808,Portugal,Sweden
1967-06-08,NO,1559,Portugal,Norway
1967-11-12,NO,1547,Portugal,Norway
1967-11-26,BG,1827,Portugal,Bulgaria
1967-12-17,BG,1839,Portugal,Bulgaria
1968-06-30,BR,1989,Portugal,Brazil
1968-10-27,RO,1736,Portugal,Romania
1968-12-11,GR,1653,Portugal,Greece
1969-04-06,MX,1876,Portugal,Mexico
1969-04-16,CH,1687,Portugal,Switzerland
1969-05-04,GR,1671,Portugal,Greece
1969-10-12,RO,1798,Portugal,Romania
1969-11-02,CH,1632,Portugal,Switzerland
1969-12-10,EN,2091,Portugal,England
1970-05-10,IT,2007,Portugal,Italy
1970-10-14,DK,1599,Portugal,Denmark
1971-02-17,BE,1806,Portugal,Belgium
1971-04-21,SQ,1792,Portugal,Scotland
1971-05-12,DK,1571,Portugal,Denmark
1971-10-13,SQ,1747,Portugal,Scotland
1971-11-21,BE,1808,Portugal,Belgium
1972-03-29,CY,1310,Portugal,Cyprus
1972-05-10,CY,1306,Portugal,Cyprus
1972-06-11,EC,1436,Portugal,Ecuador
1972-06-14,IR,1687,Portugal,Iran
1972-06-18,CL,1708,Portugal,Chile
1972-06-25,IE,1563,Portugal,Ireland
1972-06-29,AR,1849,Portugal,Argentina
1972-07-02,UY,1806,Portugal,Uruguay
1972-07-06,SU,1926,Portugal,Soviet Union
1972-07-09,BR,2142,Portugal,Brazil
1973-03-03,FR,1782,Portugal,France
1973-03-28,EI,1715,Portugal,Northern Ireland
1973-05-02,BG,1833,Portugal,Bulgaria
1973-10-13,BG,1821,Portugal,Bulgaria
1973-11-14,EI,1780,Portugal,Northern Ireland
1974-04-03,EN,1981,Portugal,England
1974-11-13,CH,1713,Portugal,Switzerland
1974-11-20,EN,1976,Portugal,England
1975-04-26,FR,1786,Portugal,France
1975-04-30,CS,1894,Portugal,Czechoslovakia
1975-05-13,SQ,1895,Portugal,Scotland
1975-06-08,CY,1302,Portugal,Cyprus
1975-11-12,CS,1907,Portugal,Czechoslovakia
1975-11-19,EN,1978,Portugal,England
1975-12-03,CY,1297,Portugal,Cyprus
1976-04-07,IT,1960,Portugal,Italy
1976-10-16,PL,1936,Portugal,Poland
1976-11-17,DK,1640,Portugal,Denmark
1976-12-05,CY,1272,Portugal,Cyprus
1976-12-22,IT,1964,Portugal,Italy
1977-03-30,CH,1602,Portugal,Switzerland
1977-10-09,DK,1640,Portugal,Denmark
1977-10-29,PL,1911,Portugal,Poland
1977-11-16,CY,1267,Portugal,Cyprus
1978-03-08,FR,1868,Portugal,France
1978-09-20,US,1461,Portugal,United States
1978-10-11,BE,1801,Portugal,Belgium
1978-11-15,AT,1891,Portugal,Austria
1978-11-29,SQ,1887,Portugal,Scotland
1979-05-09,NO,1477,Portugal,Norway
1979-09-26,ES,1948,Portugal,Spain
1979-10-17,BE,1837,Portugal,Belgium
1979-11-01,NO,1477,Portugal,Norway
1979-11-21,AT,1937,Portugal,Austria
1980-03-26,SQ,1821,Portugal,Scotland
1980-09-24,IT,1983,Portugal,Italy
1980-10-07,US,1510,Portugal,United States
1980-10-15,SQ,1795,Portugal,Scotland
1980-11-19,EI,1805,Portugal,Northern Ireland
1980-12-17,IL,1678,Portugal,Israel
1981-04-15,BG,1720,Portugal,Bulgaria
1981-04-29,EI,1827,Portugal,Northern Ireland
1981-06-20,ES,1834,Portugal,Spain
1981-06-24,SE,1690,Portugal,Sweden
1981-09-23,PL,1931,Portugal,Poland
1981-10-14,SE,1715,Portugal,Sweden
1981-10-28,IL,1696,Portugal,Israel
1981-11-18,SQ,1848,Portugal,Scotland
1981-12-16,BG,1752,Portugal,Bulgaria
1982-01-20,GR,1657,Portugal,Greece
1982-02-17,WG,2113,Portugal,West Germany
1982-03-24,CH,1674,Portugal,Switzerland
1982-05-05,BR,2099,Portugal,Brazil
1982-09-22,FI,1461,Portugal,Finland
1982-10-10,PL,1986,Portugal,Poland
1983-02-16,FR,1938,Portugal,France
1983-02-23,WG,1998,Portugal,West Germany
1983-04-13,HU,1822,Portugal,Hungary
1983-04-27,SU,2026,Portugal,Soviet Union
1983-06-08,BR,2123,Portugal,Brazil
1983-09-21,FI,1455,Portugal,Finland
1983-10-28,PL,1912,Portugal,Poland
1983-11-13,SU,2024,Portugal,Soviet Union
1984-06-02,YU,1879,Portugal,Yugoslavia
1984-06-09,LU,1182,Portugal,Luxembourg
1984-06-14,WG,2004,Portugal,West Germany
1984-06-17,ES,1864,Portugal,Spain
1984-06-20,RO,1790,Portugal,Romania
1984-06-23,FR,2019,Portugal,France
1984-09-06,BG,1751,Portugal,Bulgaria
1984-09-12,SE,1806,Portugal,Sweden
1984-10-14,CS,1850,Portugal,Czechoslovakia
1984-11-14,SE,1835,Portugal,Sweden
1985-01-30,RO,1782,Portugal,Romania
1985-02-10,MT,1348,Portugal,Malta
1985-02-24,WG,1976,Portugal,West Germany
1985-04-03,IT,1891,Portugal,Italy
1985-09-25,CS,1803,Portugal,Czechoslovakia
1985-10-12,MT,1366,Portugal,Malta
1985-10-16,WG,1916,Portugal,West Germany
1986-01-22,FI,1521,Portugal,Finland
1986-02-05,LU,1172,Portugal,Luxembourg
1986-02-19,DD,1917,Portugal,East Germany
1986-06-03,EN,1945,Portugal,England
1986-06-07,PL,1826,Portugal,Poland
1986-06-11,MA,1737,Portugal,Morocco
1986-10-12,SE,1880,Portugal,Sweden
1986-10-29,CH,1735,Portugal,Switzerland
1987-01-07,GR,1661,Portugal,Greece
1987-02-04,BE,1793,Portugal,Belgium
1987-02-14,IT,1902,Portugal,Italy
1987-03-29,MT,1366,Portugal,Malta
1987-09-23,SE,1892,Portugal,Sweden
1987-11-11,CH,1742,Portugal,Switzerland
1987-12-05,IT,1937,Portugal,Italy
1987-12-20,MT,1373,Portugal,Malta
1988-10-12,SE,1945,Portugal,Sweden
1988-11-16,LU,1167,Portugal,Luxembourg
1989-01-25,GR,1685,Portugal,Greece
1989-02-15,BE,1806,Portugal,Belgium
1989-03-29,AO,1509,Portugal,Angola
1989-04-26,CH,1707,Portugal,Switzerland
1989-06-08,BR,2003,Portugal,Brazil
1989-08-31,RO,1896,Portugal,Romania
1989-09-06,BE,1877,Portugal,Belgium
1989-09-20,CH,1681,Portugal,Switzerland
1989-10-06,CS,1881,Portugal,Czechoslovakia
1989-10-11,LU,1162,Portugal,Luxembourg
1989-11-15,CS,1891,Portugal,Czechoslovakia
1990-08-29,WG,2070,Portugal,West Germany
1990-09-12,FI,1621,Portugal,Finland
1990-10-17,NL,1934,Portugal,Netherlands
1990-12-19,US,1583,Portugal,United States
1991-01-16,ES,1931,Portugal,Spain
1991-01-23,GR,1713,Portugal,Greece
1991-02-09,MT,1361,Portugal,Malta
1991-02-20,MT,1357,Portugal,Malta
1991-09-04,AT,1670,Portugal,Austria
1991-09-11,FI,1631,Portugal,Finland
1991-10-12,LU,1180,Portugal,Luxembourg
1991-10-16,NL,1945,Portugal,Netherlands
1991-11-20,GR,1690,Portugal,Greece
1992-01-15,ES,1829,Portugal,Spain
1992-02-12,NL,1944,Portugal,Netherlands
1992-05-31,IT,1974,Portugal,Italy
1992-06-03,US,1698,Portugal,United States
1992-06-07,IE,1878,Portugal,Ireland
1992-09-02,AT,1612,Portugal,Austria
1992-10-14,SQ,1784,Portugal,Scotland
1992-11-11,BG,1781,Portugal,Bulgaria
1993-01-24,MT,1373,Portugal,Malta
1993-02-10,NO,1760,Portugal,Norway
1993-02-24,IT,2007,Portugal,Italy
1993-03-31,CH,1815,Portugal,Switzerland
1993-04-28,SQ,1756,Portugal,Scotland
1993-06-19,MT,1375,Portugal,Malta
1993-09-05,EE,1171,Portugal,Estonia
1993-10-13,CH,1844,Portugal,Switzerland
1993-11-10,EE,1186,Portugal,Estonia
1993-11-17,IT,1999,Portugal,Italy
1994-01-19,ES,1908,Portugal,Spain
1994-04-20,NO,1846,Portugal,Norway
1994-09-07,EI,1659,Portugal,Northern Ireland
1994-10-09,LV,1353,Portugal,Latvia
1994-11-13,AT,1604,Portugal,Austria
1994-12-18,LI,1090,Portugal,Liechtenstein
1995-01-26,CA,1593,Portugal,Canada
1995-02-22,NL,1927,Portugal,Netherlands
1995-04-26,IE,1881,Portugal,Ireland
1995-06-03,LV,1366,Portugal,Latvia
1995-08-15,LI,1105,Portugal,Liechtenstein
1995-09-03,EI,1622,Portugal,Northern Ireland
1995-10-11,AT,1679,Portugal,Austria
1995-11-15,IE,1757,Portugal,Ireland
1995-12-12,EN,1868,Portugal,England
1996-01-24,FR,1961,Portugal,France
1996-02-21,DE,2039,Portugal,Germany
1996-03-27,GR,1600,Portugal,Greece
1996-05-29,IE,1713,Portugal,Ireland
1996-06-09,DK,1961,Portugal,Denmark
1996-06-14,TR,1729,Portugal,Turkey
1996-06-19,HR,1914,Portugal,Croatia
1996-06-23,CZ,1940,Portugal,Czechia
1996-08-31,AM,1310,Portugal,Armenia
1996-10-05,UA,1664,Portugal,Ukraine
1996-10-09,AL,1447,Portugal,Albania
1996-11-09,UA,1658,Portugal,Ukraine
1996-12-14,DE,2080,Portugal,Germany
1997-01-22,FR,2028,Portugal,France
1997-02-19,GR,1671,Portugal,Greece
1997-03-29,EI,1651,Portugal,Northern Ireland
1997-06-07,AL,1415,Portugal,Albania
1997-08-20,AM,1353,Portugal,Armenia
1997-09-06,DE,2064,Portugal,Germany
1997-10-11,EI,1581,Portugal,Northern Ireland
1998-04-22,EN,1981,Portugal,England
1998-08-19,MZ,1317,Portugal,Mozambique
1998-09-06,HU,1626,Portugal,Hungary
1998-10-10,RO,1915,Portugal,Romania
1998-10-14,SK,1705,Portugal,Slovakia
1998-11-18,IL,1667,Portugal,Israel
1999-02-10,NL,1991,Portugal,Netherlands
1999-03-26,AZ,1325,Portugal,Azerbaijan
1999-03-31,LI,1075,Portugal,Liechtenstein
1999-06-05,SK,1688,Portugal,Slovakia
1999-06-09,LI,1066,Portugal,Liechtenstein
1999-08-18,AD,1052,Portugal,Andorra
1999-09-04,AZ,1341,Portugal,Azerbaijan
1999-09-08,RO,1903,Portugal,Romania
1999-10-09,HU,1620,Portugal,Hungary
2000-02-23,BE,1792,Portugal,Belgium
2000-03-29,DK,1838,Portugal,Denmark
2000-04-26,IT,1937,Portugal,Italy
2000-06-02,WA,1554,Portugal,Wales
2000-06-12,EN,1888,Portugal,England
2000-06-17,RO,1839,Portugal,Romania
2000-06-20,DE,1828,Portugal,Germany
2000-06-24,TR,1763,Portugal,Turkey
2000-06-28,FR,2112,Portugal,France
2000-08-16,LT,1459,Portugal,Lithuania
2000-09-03,EE,1348,Portugal,Estonia
2000-10-07,IE,1803,Portugal,Ireland
2000-10-11,NL,1986,Portugal,Netherlands
2000-11-15,IL,1674,Portugal,Israel
2001-02-28,AD,1052,Portugal,Andorra
2001-03-28,NL,1997,Portugal,Netherlands
2001-04-25,FR,2113,Portugal,France
2001-06-02,IE,1837,Portugal,Ireland
2001-06-06,CY,1504,Portugal,Cyprus
2001-08-15,MD,1404,Portugal,Moldova
2001-09-01,AD,1051,Portugal,Andorra
2001-09-05,CY,1496,Portugal,Cyprus
2001-10-06,EE,1347,Portugal,Estonia
2001-11-14,AO,1533,Portugal,Angola
2002-02-13,ES,1965,Portugal,Spain
2002-03-27,FI,1757,Portugal,Finland
2002-04-17,BR,1865,Portugal,Brazil
2002-05-25,CN,1698,Portugal,China
2002-06-05,US,1852,Portugal,United States
2002-06-10,PL,1679,Portugal,Poland
2002-06-14,KR,1804,Portugal,South Korea
2002-09-07,EN,1958,Portugal,England
2002-10-12,TN,1617,Portugal,Tunisia
2002-10-16,SE,1819,Portugal,Sweden
2002-11-20,SQ,1692,Portugal,Scotland
2003-02-12,IT,1887,Portugal,Italy
2003-03-29,BR,2038,Portugal,Brazil
2003-04-02,MK,1445,Portugal,Macedonia
2003-04-30,NL,2039,Portugal,Netherlands
2003-06-06,PY,1774,Portugal,Paraguay
2003-06-10,BO,1539,Portugal,Bolivia
2003-08-20,KZ,1418,Portugal,Kazakhstan
2003-09-06,ES,1970,Portugal,Spain
2003-09-10,NO,1734,Portugal,Norway
2003-10-11,AL,1510,Portugal,Albania
2003-11-15,GR,1795,Portugal,Greece
2003-11-19,KW,1538,Portugal,Kuwait
2004-02-18,EN,1956,Portugal,England
2004-03-31,IT,1936,Portugal,Italy
2004-04-28,SE,1776,Portugal,Sweden
2004-05-29,LU,1074,Portugal,Luxembourg
2004-06-05,LT,1418,Portugal,Lithuania
2004-06-12,GR,1834,Portugal,Greece
2004-06-16,RU,1759,Portugal,Russia
2004-06-20,ES,1986,Portugal,Spain
2004-06-24,EN,1972,Portugal,England
2004-06-30,NL,1916,Portugal,Netherlands
2004-07-04,GR,1927,Portugal,Greece
2004-09-04,LV,1507,Portugal,Latvia
2004-09-08,EE,1388,Portugal,Estonia
2004-10-09,LI,1069,Portugal,Liechtenstein
2004-10-13,RU,1761,Portugal,Russia
2004-11-17,LU,1012,Portugal,Luxembourg
2005-02-09,IE,1869,Portugal,Ireland
2005-03-26,CA,1570,Portugal,Canada
2005-03-30,SK,1688,Portugal,Slovakia
2005-06-04,SK,1679,Portugal,Slovakia
2005-06-08,EE,1381,Portugal,Estonia
2005-08-17,EG,1694,Portugal,Egypt
2005-09-03,LU,1006,Portugal,Luxembourg
2005-09-07,RU,1754,Portugal,Russia
2005-10-08,LI,1129,Portugal,Liechtenstein
2005-10-12,LV,1473,Portugal,Latvia
2005-11-12,HR,1863,Portugal,Croatia
2005-11-15,EI,1501,Portugal,Northern Ireland
2006-03-01,SA,1567,Portugal,Saudi Arabia
2006-05-27,CV,1314,Portugal,Cape Verde
2006-06-03,LU,979,Portugal,Luxembourg
2006-06-11,AO,1557,Portugal,Angola
2006-06-17,IR,1767,Portugal,Iran
2006-06-21,MX,1840,Portugal,Mexico
2006-06-25,NL,1982,Portugal,Netherlands
2006-07-01,EN,1999,Portugal,England
2006-07-05,FR,2064,Portugal,France
2006-07-08,DE,1954,Portugal,Germany
2006-09-01,DK,1906,Portugal,Denmark
2006-09-06,FI,1676,Portugal,Finland
2006-10-07,AZ,1355,Portugal,Azerbaijan
2006-10-11,PL,1746,Portugal,Poland
2006-11-15,KZ,1344,Portugal,Kazakhstan
2007-02-06,BR,2058,Portugal,Brazil
2007-03-24,BE,1653,Portugal,Belgium
2007-03-28,RS,1734,Portugal,Serbia
2007-06-02,BE,1642,Portugal,Belgium
2007-06-05,KW,1442,Portugal,Kuwait
2007-08-22,AM,1458,Portugal,Armenia
2007-09-08,PL,1779,Portugal,Poland
2007-09-12,RS,1746,Portugal,Serbia
2007-10-13,AZ,1402,Portugal,Azerbaijan
2007-10-17,KZ,1351,Portugal,Kazakhstan
2007-11-17,AM,1451,Portugal,Armenia
2007-11-21,FI,1687,Portugal,Finland
2008-02-06,IT,2040,Portugal,Italy
2008-03-26,GR,1856,Portugal,Greece
2008-05-31,GE,1503,Portugal,Georgia
2008-06-07,TR,1780,Portugal,Turkey
2008-06-11,CZ,1898,Portugal,Czechia
2008-06-15,CH,1787,Portugal,Switzerland
2008-06-19,DE,1977,Portugal,Germany
2008-08-20,FO,1156,Portugal,Faroe Islands
2008-09-06,MT,1245,Portugal,Malta
2008-09-10,DK,1844,Portugal,Denmark
2008-10-11,SE,1761,Portugal,Sweden
2008-10-15,AL,1506,Portugal,Albania
2008-11-19,BR,2017,Portugal,Brazil
2009-02-11,FI,1657,Portugal,Finland
2009-03-28,SE,1783,Portugal,Sweden
2009-03-31,ZA,1543,Portugal,South Africa
2009-06-06,AL,1463,Portugal,Albania
2009-06-10,EE,1429,Portugal,Estonia
2009-08-12,LI,1176,Portugal,Liechtenstein
2009-09-05,DK,1840,Portugal,Denmark
2009-09-09,HU,1600,Portugal,Hungary
2009-10-10,HU,1592,Portugal,Hungary
2009-10-14,MT,1221,Portugal,Malta
2009-11-14,BA,1656,Portugal,Bosnia and Herzegovina
2009-11-18,BA,1642,Portugal,Bosnia and Herzegovina
2010-03-03,CN,1622,Portugal,China
2010-05-24,CV,1371,Portugal,Cape Verde
2010-06-01,CM,1698,Portugal,Cameroon
2010-06-08,MZ,1370,Portugal,Mozambique
2010-06-15,CI,1750,Portugal,Ivory Coast
2010-06-21,KP,1517,Portugal,North Korea
2010-06-25,BR,2103,Portugal,Brazil
2010-06-29,ES,2101,Portugal,Spain
2010-09-03,CY,1575,Portugal,Cyprus
2010-09-07,NO,1787,Portugal,Norway
2010-10-08,DK,1725,Portugal,Denmark
2010-10-12,IS,1438,Portugal,Iceland
2010-11-17,ES,2115,Portugal,Spain
2011-02-09,AR,2000,Portugal,Argentina
2011-03-26,CL,1895,Portugal,Chile
2011-03-29,FI,1593,Portugal,Finland
2011-06-04,NO,1776,Portugal,Norway
2011-08-10,LU,1124,Portugal,Luxembourg
2011-09-02,CY,1514,Portugal,Cyprus
2011-10-07,IS,1441,Portugal,Iceland
2011-10-11,DK,1815,Portugal,Denmark
2011-11-11,BA,1706,Portugal,Bosnia and Herzegovina
2011-11-15,BA,1694,Portugal,Bosnia and Herzegovina
2012-02-29,PL,1708,Portugal,Poland
2012-05-26,MK,1494,Portugal,Macedonia
2012-06-02,TR,1756,Portugal,Turkey
2012-06-09,DE,2056,Portugal,Germany
2012-06-13,DK,1832,Portugal,Denmark
2012-06-17,NL,1965,Portugal,Netherlands
2012-06-21,CZ,1788,Portugal,Czechia
2012-06-27,ES,2131,Portugal,Spain
2012-08-15,PA,1710,Portugal,Panama
2012-09-07,LU,1145,Portugal,Luxembourg
2012-09-11,AZ,1402,Portugal,Azerbaijan
2012-10-12,RU,1891,Portugal,Russia
2012-10-16,EI,1451,Portugal,Northern Ireland
2012-11-14,GA,1541,Portugal,Gabon
2013-02-06,EC,1864,Portugal,Ecuador
2013-03-22,IL,1634,Portugal,Israel
2013-03-26,AZ,1404,Portugal,Azerbaijan
2013-06-07,RU,1878,Portugal,Russia
2013-06-10,HR,1866,Portugal,Croatia
2013-08-14,NL,2008,Portugal,Netherlands
2013-09-06,EI,1447,Portugal,Northern Ireland
2013-09-10,BR,2119,Portugal,Brazil
2013-10-11,IL,1656,Portugal,Israel
2013-10-15,LU,1214,Portugal,Luxembourg
2013-11-15,SE,1848,Portugal,Sweden
2013-11-19,SE,1826,Portugal,Sweden
2014-03-05,CM,1589,Portugal,Cameroon
2014-05-31,GR,1821,Portugal,Greece
2014-06-06,MX,1814,Portugal,Mexico
2014-06-10,IE,1687,Portugal,Ireland
2014-06-16,DE,2108,Portugal,Germany
2014-06-22,US,1878,Portugal,United States
2014-06-26,GH,1696,Portugal,Ghana
2014-09-07,AL,1550,Portugal,Albania
2014-10-11,FR,1966,Portugal,France
2014-10-14,DK,1724,Portugal,Denmark
2014-11-14,AM,1548,Portugal,Armenia
2014-11-18,AR,2049,Portugal,Argentina
2015-03-29,RS,1719,Portugal,Serbia
2015-03-31,CV,1536,Portugal,Cape Verde
2015-06-13,AM,1527,Portugal,Armenia
2015-06-16,IT,1868,Portugal,Italy
2015-09-04,FR,1936,Portugal,France
2015-09-07,AL,1607,Portugal,Albania
2015-10-08,DK,1752,Portugal,Denmark
2015-10-11,RS,1726,Portugal,Serbia
2015-11-14,RU,1792,Portugal,Russia
2015-11-17,LU,1254,Portugal,Luxembourg
2016-03-25,BG,1601,Portugal,Bulgaria
2016-03-29,BE,1919,Portugal,Belgium
2016-05-29,NO,1629,Portugal,Norway
2016-06-02,EN,1970,Portugal,England
2016-06-08,EE,1467,Portugal,Estonia
2016-06-14,IS,1681,Portugal,Iceland
2016-06-18,AT,1742,Portugal,Austria
2016-06-22,HU,1748,Portugal,Hungary
2016-06-25,HR,1848,Portugal,Croatia
2016-06-30,PL,1823,Portugal,Poland
2016-07-06,WA,1778,Portugal,Wales
2016-07-10,FR,1982,Portugal,France
2016-09-01,GI,1110,Portugal,Gibraltar
2016-09-06,CH,1837,Portugal,Switzerland
2016-10-07,AD,957,Portugal,Andorra
2016-10-10,FO,1296,Portugal,Faroe Islands
2016-11-13,LV,1415,Portugal,Latvia
2017-03-25,HU,1681,Portugal,Hungary
2017-03-28,SE,1785,Portugal,Sweden
2017-06-03,CY,1411,Portugal,Cyprus
2017-06-09,LV,1395,Portugal,Latvia
2017-06-18,MX,1923,Portugal,Mexico
2017-06-21,RU,1699,Portugal,Russia
2017-06-24,NZ,1526,Portugal,New Zealand
2017-06-28,CL,1962,Portugal,Chile
2017-07-02,MX,1897,Portugal,Mexico
2017-08-31,FO,1279,Portugal,Faroe Islands
2017-09-03,HU,1619,Portugal,Hungary
2017-10-07,AD,1016,Portugal,Andorra
2017-10-10,CH,1865,Portugal,Switzerland
2017-11-10,SA,1606,Portugal,Saudi Arabia
2017-11-14,US,1751,Portugal,United States
2018-03-23,EG,1648,Portugal,Egypt
2018-03-26,NL,1905,Portugal,Netherlands
2018-05-28,TN,1652,Portugal,Tunisia
2018-06-02,BE,1926,Portugal,Belgium
2018-06-07,DZ,1505,Portugal,Algeria
2018-06-15,ES,2037,Portugal,Spain
2018-06-20,MA,1695,Portugal,Morocco
2018-06-25,IR,1816,Portugal,Iran
2018-06-30,UY,1984,Portugal,Uruguay
2018-09-06,HR,1945,Portugal,Croatia
2018-09-10,IT,1867,Portugal,Italy
2018-10-11,PL,1771,Portugal,Poland
2018-10-14,SQ,1680,Portugal,Scotland
2018-11-17,IT,1882,Portugal,Italy
2018-11-20,PL,1751,Portugal,Poland
2019-03-22,UA,1786,Portugal,Ukraine
2019-03-25,RS,1831,Portugal,Serbia
2019-06-05,CH,1897,Portugal,Switzerland
2019-06-09,NL,1978,Portugal,Netherlands
2019-09-07,RS,1777,Portugal,Serbia
2019-09-10,LT,1315,Portugal,Lithuania
2019-10-11,LU,1345,Portugal,Luxembourg
2019-10-14,UA,1852,Portugal,Ukraine
2019-11-14,LT,1308,Portugal,Lithuania
2019-11-17,LU,1339,Portugal,Luxembourg
2020-09-05,HR,1901,Portugal,Croatia
2020-09-08,SE,1823,Portugal,Sweden
2020-10-07,ES,2046,Portugal,Spain
2020-10-11,FR,2070,Portugal,France
2020-10-14,SE,1815,Portugal,Sweden
2020-11-11,AD,1082,Portugal,Andorra
2020-11-14,FR,2084,Portugal,France
2020-11-17,HR,1860,Portugal,Croatia
2021-03-24,AZ,1382,Portugal,Azerbaijan
2021-03-27,RS,1793,Portugal,Serbia
2021-03-30,LU,1393,Portugal,Luxembourg
2021-06-04,ES,2033,Portugal,Spain
2021-06-09,IL,1606,Portugal,Israel
2021-06-15,HU,1719,Portugal,Hungary
2021-06-19,DE,1956,Portugal,Germany
2021-06-23,FR,2086,Portugal,France
2021-06-27,BE,2157,Portugal,Belgium
2021-09-01,IE,1620,Portugal,Ireland
2021-09-04,QA,1678,Portugal,Qatar
2021-09-07,AZ,1374,Portugal,Azerbaijan
2021-10-09,QA,1670,Portugal,Qatar
2021-10-12,LU,1394,Portugal,Luxembourg
2021-11-11,IE,1660,Portugal,Ireland
2021-11-14,RS,1846,Portugal,Serbia
2022-03-24,TR,1719,Portugal,Turkey
2022-03-29,NM,1662,Portugal,North Macedonia
2022-06-02,ES,2031,Portugal,Spain
2022-06-05,CH,1880,Portugal,Switzerland
2022-06-09,CZ,1835,Portugal,Czechia
2022-06-12,CH,1886,Portugal,Switzerland
2022-09-24,CZ,1796,Portugal,Czechia
2022-09-27,ES,2045,Portugal,Spain
2022-11-17,NG,1627,Portugal,Nigeria
2022-11-24,GH,1561,Portugal,Ghana
2022-11-28,UY,1889,Portugal,Uruguay
2022-12-02,KR,1801,Portugal,South Korea
2022-12-06,CH,1878,Portugal,Switzerland
2022-12-10,MA,1924,Portugal,Morocco
2023-03-23,LI,977,Portugal,Liechtenstein
2023-03-26,LU,1449,Portugal,Luxembourg
2023-06-17,BA,1603,Portugal,Bosnia and Herzegovina
2023-06-20,IS,1498,Portugal,Iceland
2023-09-08,SK,1612,Portugal,Slovakia
2023-09-11,LU,1503,Portugal,Luxembourg
2023-10-13,SK,1611,Portugal,Slovakia
2023-10-16,BA,1532,Portugal,Bosnia and Herzegovina
2023-11-16,LI,958,Portugal,Liechtenstein
2023-11-19,IS,1478,Portugal,Iceland
2024-03-21,SE,1691,Portugal,Sweden
2024-03-26,SI,1739,Portugal,Slovenia
2024-06-04,FI,1620,Portugal,Finland
2024-06-08,HR,1968,Portugal,Croatia
2024-06-11,IE,1619,Portugal,Ireland
2024-06-18,CZ,1765,Portugal,Czechia
2024-06-22,TR,1760,Portugal,Turkey
2024-06-26,GE,1713,Portugal,Georgia
2024-07-01,SI,1771,Portugal,Slovenia
2024-07-05,FR,2068,Portugal,France
2024-09-05,HR,1903,Portugal,Croatia
2024-09-08,SQ,1704,Portugal,Scotland
2024-10-12,PL,1728,Portugal,Poland
2024-10-15,SQ,1708,Portugal,Scotland
2024-11-15,PL,1724,Portugal,Poland
2024-11-18,HR,1886,Portugal,Croatia
2025-03-20,DK,1885,Portugal,Denmark
2025-03-23,DK,1862,Portugal,Denmark
2025-06-04,DE,1956,Portugal,Germany
2025-06-08,ES,2157,Portugal,Spain
2025-09-06,AM,1384,Portugal,Armenia
2025-09-09,HU,1695,Portugal,Hungary
2025-10-11,IE,1601,Portugal,Ireland
2025-10-14,HU,1718,Portugal,Hungary
2025-11-13,IE,1659,Portugal,Ireland
2025-11-16,AM,1389,Portugal,Armenia
2026-03-28,MX,1857,Portugal,Mexico
2026-03-31,US,1721,Portugal,United States
2026-06-06,CL,1708,Portugal,Chile
2026-06-10,NG,1767,Portugal,Nigeria
2026-06-17,CD,1674,Portugal,DR Congo
2026-06-23,UZ,1677,Portugal,Uzbekistan
2026-06-27,CO,2004,Portugal,Colombia
2026-07-02,HR,1881,Portugal,Croatia
2026-07-06,ES,2177,Portugal,Spain
