"Package","Version"
"abind","1.4-8"
"ade4","1.7-24"
"ade4TkGUI","0.3.4"
"adegenet","2.1.11"
"adegraphics","1.0-22"
"adehabitatMA","0.3.17"
"adephylo","1.1-17"
"ADGofTest","0.3"
"adjustedCurves","0.11.4"
"admisc","0.40"
"afex","1.5-1"
"agricolae","1.3-7"
"AlgDesign","1.2.1.2"
"alr4","1.0.7"
"animation","2.8"
"anytime","0.3.13"
"apa","0.3.5"
"apaTables","2.0.8"
"areal","0.1.8"
"arm","1.15-3"
"arrayhelpers","1.1-2"
"arulesCBA","1.2.9"
"arulesViz","1.5.4"
"asaur","0.50"
"ash","1.0-15"
"AsioHeaders","1.30.2-1"
"askpass","1.2.1"
"assertthat","0.2.1"
"attempt","0.3.1"
"autocogs","0.1.5"
"aws.signature","0.6.2"
"AzureAuth","1.3.4"
"AzureGraph","1.3.5"
"AzureRMR","2.4.5"
"backports","1.5.1"
"bamlss","1.2-5"
"base64enc","0.1-6"
"base64url","1.4"
"bayesboot","0.2.3"
"BayesFactor","0.9.12-4.8"
"bayesm","3.1-7"
"bayesplot","1.15.0"
"BayesPostEst","0.4.0"
"bayesrules","0.0.3"
"bayestestR","0.18.1"
"bbmle","1.0.25.1"
"bbotk","1.12.0"
"bcogsci","0.0.0.9000"
"bdsmatrix","1.3-7"
"beeswarm","0.4.0"
"BH","1.90.0-1"
"bigD","0.3.1"
"bigmemory","4.6.6"
"bigmemory.sri","0.1.8"
"bindr","0.1.3"
"binom","1.1-2"
"bit","4.6.0"
"bit64","4.8.2"
"bitops","1.0-9"
"blob","1.3.0"
"blogdown","1.24"
"BMisc","1.4.9"
"bookdown","0.47"
"Boom","0.9.16"
"BoomSpikeSlab","1.2.7"
"brew","1.0-10"
"brglm","0.7.3"
"bridgesampling","1.2-1"
"brio","1.1.5"
"brms","2.23.0"
"Brobdingnag","1.2-9"
"broom","1.0.13"
"bslib","0.11.0"
"butcher","0.4.0"
"BWStest","0.2.3"
"cachem","1.1.0"
"Cairo","1.7-0"
"callr","3.8.0"
"car","3.1-5"
"carData","3.0-6"
"cards","0.8.1"
"cardx","0.3.4"
"caret","7.0-1"
"caTools","1.18.4"
"causaldata","0.1.4"
"causalweight","1.1.5"
"cellranger","1.1.0"
"checkmate","2.3.4"
"chirps","1.1"
"chk","0.10.0"
"chron","2.3-63"
"CircStats","0.2-7"
"classInt","0.4-11"
"cli","3.6.6"
"clipr","0.8.1"
"clock","0.7.4"
"clubSandwich","0.7.0"
"cluster","2.1.8.2"
"cmdstanr","0.9.0"
"cmprsk","2.2-12"
"coda","0.19-4.1"
"colorspace","2.1-3"
"colourpicker","1.3.0"
"colourvalues","0.3.11"
"cols4all","0.10"
"combinat","0.0-8"
"CommonDataModel","1.0.1"
"commonmark","2.0.0"
"CompQuadForm","1.4.4"
"conf.design","2.0.0"
"config","0.3.2"
"confintr","1.0.2"
"conflicted","1.2.0"
"ConsRank","3.0"
"contfrac","1.1-12"
"corpcor","1.6.10"
"correlation","0.8.8"
"corrgram","1.15"
"corrplot","0.95"
"covr","3.6.5"
"cowplot","1.2.0"
"coxme","2.2-22"
"cpp11","0.5.5"
"crayon","1.5.3"
"credentials","2.0.3"
"crossdes","1.1-2"
"crosstalk","1.2.2"
"crs","0.15-45"
"crul","1.6.0"
"ctv","1.0-0"
"cubature","2.1.4-1"
"curl","7.1.0"
"cvar","0.6"
"cvAUC","1.1.4"
"dae","3.2.35"
"daewr","1.2-11"
"dagitty","0.3-4"
"DALEX","2.5.4"
"data.table","1.18.4"
"datawizard","1.3.1"
"date","1.2-43"
"DBI","1.3.0"
"dbplyr","2.6.0"
"debugme","1.2.0"
"decor","1.0.2"
"deldir","2.0-4"
"dendextend","1.19.1"
"DEoptimR","1.2-0"
"Deriv","4.3.0"
"desc","1.4.3"
"DescTools","0.99.60"
"deSolve","1.42"
"desplot","1.10"
"devtools","2.5.2"
"diagis","0.2.3"
"diagram","1.6.5"
"DiagrammeR","1.0.12"
"dials","1.4.4"
"DiceDesign","1.10"
"DiceKriging","1.6.1"
"diffobj","0.3.8"
"digest","0.6.39"
"diptest","0.77-2"
"discretization","1.0-1.1"
"distill","1.6"
"distributional","0.8.1"
"distributions3","0.2.4"
"DistributionUtils","0.6-2"
"distro","0.1.1"
"dmetar","0.1.0"
"doBy","4.7.2"
"DoE.base","1.2-5"
"doFuture","1.2.2"
"doParallel","1.0.17"
"doRNG","1.8.6.3"
"dotCall64","1.2"
"dotty","0.1.0"
"dotwhisker","0.8.6"
"downlit","0.4.5"
"dplyr","1.2.1"
"dqrng","0.4.1"
"DRDID","1.3.0"
"dreamerr","1.5.0"
"DT","0.34.0"
"dtplyr","1.3.3"
"dygraphs","1.1.1.6"
"dynlm","0.3-6"
"e1071","1.7-17"
"easystats","0.7.6"
"effectsize","1.0.3"
"egg","0.4.5"
"ellipse","0.5.0"
"ellipsis","0.3.3"
"elliptic","1.5-1"
"emmeans","2.0.4"
"enrichwith","0.5.0"
"entropy","1.3.2"
"epitools","0.5-10.1"
"equivalence","0.8.2"
"esc","0.5.1"
"estimability","2.0.0"
"estimatr","1.0.6"
"etm","1.1.2"
"evaluate","1.0.5"
"Exact","3.3"
"exactRankTests","0.8-37"
"expint","0.2-1"
"expm","1.0-0"
"extraDistr","1.10.0.5"
"extrafont","0.20"
"extrafontdb","1.1"
"extraoperators","0.4.0"
"ez","4.5-0"
"fable","0.5.0"
"fabletools","0.8.0"
"FactoInvestigate","1.9.1"
"FactoMineR","2.16"
"fansi","1.0.7"
"farver","2.1.2"
"fastDummies","1.7.6"
"fastGHQuad","1.0.1"
"fastglm","0.1.1"
"fastICA","1.2-7"
"fastmap","1.2.0"
"fastmatch","1.1-8"
"fdrtool","1.2.18"
"fds","1.9"
"feasts","0.5.0"
"fftw","1.0-9"
"fGarch","4052.93"
"fidelius","0.0.2"
"fields","17.3"
"filehash","2.4-6"
"filelock","1.0.3"
"fit.models","0.64"
"flashClust","1.1-4"
"flexclust","1.5.0"
"flexdashboard","0.6.3"
"flexmix","2.3-20"
"FlexParamCurve","1.5-7"
"flexsurv","2.3.2"
"flextable","0.10.0"
"FNN","1.1.4.1"
"fontawesome","0.5.3"
"fontBitstreamVera","0.1.1"
"fontLiberation","0.1.0"
"fontquiver","0.2.1"
"forcats","1.0.1"
"foreach","1.5.2"
"forecast","9.0.2"
"forecastHybrid","5.1.21"
"foreign","0.8-91"
"Formula","1.2-5"
"fpc","2.2-14"
"fracdiff","1.5-4"
"fractional","0.1.3"
"fresh","0.2.2"
"FrF2","2.3-5"
"fs","2.1.0"
"furrr","0.4.0"
"futile.logger","1.4.9"
"futile.options","1.0.1"
"future","1.75.0"
"future.apply","1.20.2"
"gam","1.22-7"
"gamlss","5.5-0"
"gamlss.data","6.0-7"
"gap.datasets","0.0.6"
"gargle","1.6.1"
"GauPro","0.2.17"
"gbutils","0.5.1"
"gclus","1.3.3"
"gdata","3.0.1"
"gdtools","0.5.1"
"gemtc","1.1-1"
"generics","0.1.4"
"geojsonsf","2.0.5"
"geometries","0.2.5"
"geometry","0.5.2"
"gert","2.4.0"
"GFD","0.3.3"
"GGally","2.4.0"
"ggbeeswarm","0.7.3"
"ggcorrplot","0.3.0"
"ggdist","3.3.3"
"gge","1.10"
"ggeffects","2.3.2"
"ggfittext","0.10.4"
"ggforce","0.5.0"
"ggiraph","0.9.6"
"ggiraphExtra","0.3.0"
"ggparty","1.0.0.1"
"ggplot2","4.0.3"
"ggpmisc","1.0.0"
"ggpp","0.6.1"
"ggpubr","1.0.0"
"ggrepel","0.9.8"
"ggridges","0.5.7"
"ggsci","5.1.0"
"ggside","0.4.1"
"ggsignif","0.6.4"
"ggstance","0.3.7"
"ggstats","0.13.0"
"ggstatsplot","1.0.0"
"ggtext","0.1.2"
"ggtime","0.2.0"
"gh","1.6.1"
"git2r","0.36.2"
"gitcreds","0.1.2"
"glasso","1.11"
"gld","2.6.8"
"GLMMadaptive","0.9-7"
"glmmTMB","1.1.14"
"glmnet","5.0"
"GlobalOptions","0.1.4"
"globals","0.19.1"
"glue","1.8.1"
"gmm","1.9-1"
"gmodels","2.19.1"
"gmp","0.7-5.1"
"goftest","1.2-3"
"golem","1.0.1"
"googledrive","2.1.2"
"googlePolylines","0.8.7"
"googlesheets4","1.1.2"
"gower","1.0.2"
"GPArotation","2026.6-1"
"GPfit","1.0-9"
"gplots","3.3.0"
"grf","2.6.1"
"gridBase","0.4-7"
"gridExtra","2.3.1"
"gridGraphics","0.5-1"
"gridtext","0.1.6"
"groupdata2","2.0.5"
"gss","2.2-10"
"gsubfn","0.7"
"gt","1.3.0"
"gtable","0.3.6"
"gtools","3.9.5"
"gtsummary","2.5.1"
"HaploSim","1.8.4.2"
"hardhat","1.4.3"
"haven","2.5.5"
"HDInterval","0.2.4"
"hdm","0.3.2"
"hdrcde","3.5.0"
"heplots","1.8.1"
"here","1.0.2"
"highr","0.12"
"hipread","0.2.6"
"Hmisc","5.2-6"
"hms","1.1.4"
"htmlTable","2.5.0"
"htmltools","0.5.9"
"htmlwidgets","1.6.4"
"hts","6.0.3"
"httpcode","0.3.0"
"httpuv","1.6.17"
"httr","1.4.8"
"httr2","1.3.0"
"hypergeo","1.2-14"
"hypr","0.2.8"
"iBreakDown","2.1.2"
"ICC","2.4.0"
"ids","1.0.1"
"igraph","2.3.3"
"ineq","0.2-13"
"infer","1.1.0"
"ingredients","2.3.0"
"ini","0.3.1"
"inline","0.3.21"
"insight","1.5.2"
"installr","0.23.4"
"interleave","0.1.2"
"interval","1.1-1.0"
"intervals","0.15.5"
"inum","1.0-5"
"ipred","0.9-15"
"irlba","2.3.7"
"isoband","0.3.0"
"ISOcodes","2026.03.28"
"iterators","1.0.14"
"janitor","2.2.1"
"jmvcore","2.7.38"
"jomo","2.7-6"
"jose","2.0.0"
"jpeg","0.1-11"
"jquerylib","0.1.4"
"jsonify","1.2.3"
"jsonlite","2.0.0"
"juicyjuice","0.1.0"
"kableExtra","1.4.1"
"kernelshap","0.9.1"
"kernlab","0.9-33"
"km.ci","0.5-6"
"knitr","1.51"
"ks","1.15.2"
"kSamples","1.2-12"
"kutils","1.73"
"labeling","0.4.3"
"labelled","2.16.0"
"lambda.r","1.2.4"
"languageR","1.6"
"LARF","1.4"
"later","1.4.8"
"lattice","0.22-9"
"lava","1.9.2"
"lavaan","0.7-2"
"lavaanPlot","0.8.1"
"lazyeval","0.2.3"
"lbfgs","1.2.1.2"
"lda","1.5.2"
"leafem","0.2.5"
"leafgl","0.2.4"
"leaflegend","1.2.8"
"leaflet","2.2.3"
"leaflet.providers","3.0.0"
"leaps","3.2"
"lgr","0.5.2"
"lhs","1.3.0"
"libcoin","1.0-13"
"lifecycle","1.0.5"
"linprog","0.9-6"
"lisrelToR","0.3"
"listenv","1.0.0"
"litedown","0.10"
"lme4","2.0-6"
"lmerTest","3.2-1"
"lmodel2","1.7-4"
"lmom","3.3"
"lmtest","0.9-40"
"locatexec","0.2.0"
"locfit","1.5-9.12"
"logger","0.4.2"
"longmemo","1.1-4"
"loo","2.10.1"
"lsoda","1.2"
"lubridate","1.9.5"
"lucid","1.11"
"maditr","0.8.7"
"magic","1.6-1"
"magick","2.9.1"
"magrittr","2.0.5"
"maps","3.4.3"
"maptiles","0.12.0"
"maptree","1.4-9"
"marginaleffects","0.32.0"
"markdown","2.0"
"MASS","7.3-66"
"Matching","4.10-15"
"MatchIt","4.7.2"
"mathjaxr","2.0-0"
"Matrix","1.7-6"
"MatrixExtra","0.1.15"
"MatrixModels","0.5-4"
"matrixStats","1.5.0"
"maxLik","1.5-2.2"
"maxstat","0.7-26"
"MBA","0.1-3"
"MBESS","5.0.1"
"mclust","6.1.3"
"mcmc","0.9-8"
"MCMCglmm","2.36"
"MCMCpack","1.7-1"
"MCMCvis","0.16.5"
"measures","0.3"
"mediation","4.5.1"
"memisc","0.99.31.8.3"
"memoise","2.0.1"
"memuse","4.2-3"
"meta","8.5-0"
"metabook","0.2-0"
"metadat","1.6-0"
"metafor","5.0-1"
"metaSEM","1.5.0"
"metasens","1.5-3"
"metR","0.18.3"
"mets","1.3.11"
"mgcv","1.9-4"
"mi","1.2"
"mime","0.13"
"miniUI","0.1.2"
"minpack.lm","1.2-4"
"minqa","1.2.8"
"mirai","2.7.2"
"miscTools","0.6-30"
"mitools","2.4"
"mixopt","0.1.3"
"mixtools","2.0.0.1"
"mlapi","0.1.1"
"mlbench","2.1-10"
"MLEcens","0.1-7.1"
"mlr3","1.7.1"
"mlr3cluster","0.4.1"
"mlr3data","0.9.0"
"mlr3filters","0.9.1"
"mlr3fselect","1.6.0"
"mlr3hyperband","1.1.1"
"mlr3inferr","0.2.1"
"mlr3learners","0.15.1"
"mlr3mbo","1.2.0"
"mlr3measures","1.3.0"
"mlr3misc","0.22.0"
"mlr3pipelines","0.11.0"
"mlr3tuning","1.6.1"
"mlr3tuningspaces","0.7.0"
"mlr3viz","0.11.1"
"mnormt","2.1.2"
"modelbased","0.16.0"
"modeldata","1.5.1"
"modelenv","0.2.0"
"ModelMetrics","1.2.2.2"
"modelr","0.1.11"
"modelsummary","2.6.0"
"modeltime","1.3.5"
"modeltools","0.2-24"
"moocore","0.3.2"
"msm","1.8.2"
"mstate","0.3.3"
"muhaz","1.2.6.4"
"multcomp","1.4-31"
"multcompView","0.1-11"
"multicool","1.0.1"
"multitaper","1.0-17"
"MuMIn","1.48.19"
"mvnfast","0.2.8"
"mvtnorm","1.4-2"
"mycor","0.1.1"
"naniar","1.1.0"
"nanonext","1.10.1"
"nanoparquet","0.5.1"
"ncdf4","1.24"
"netmeta","3.6-1"
"nipals","1.0"
"nleqslv","3.3.7"
"nlme","3.1-170"
"nloptr","2.2.1"
"nnls","1.6"
"nonnest2","0.5-9"
"norm","1.0-11.1"
"nortest","1.0-4"
"np","0.70-5"
"nullabor","0.3.15"
"numbers","0.9-2"
"numDeriv","2016.8-1.1"
"oaxaca","0.1.5"
"officer","0.7.6"
"OpenMx","2.22.11"
"openssl","2.4.2"
"openxlsx","4.2.8.1"
"operator.tools","1.6.3.1"
"optimx","2025-4.9"
"origami","1.0.8"
"osfr","0.2.9"
"otel","0.2.0"
"overlapping","2.4"
"packrat","0.9.3"
"padr","0.7.0"
"PairedData","1.1.1"
"pak","0.11.1"
"paletteer","1.7.0"
"palmerpenguins","0.1.1"
"pander","0.6.6"
"paradox","1.0.1"
"parallelly","1.48.0"
"parameters","0.29.2"
"paran","1.5.6"
"parsedate","1.3.2"
"parsnip","1.6.0"
"partitions","1.10-9"
"patchwork","1.3.2"
"pbapply","1.7-4"
"pbivnorm","0.6.0"
"pbkrtest","0.5.5"
"pbs","1.1"
"pbv","0.5-47"
"pdftools","3.9.0"
"pec","2025.06.24"
"performance","0.17.1"
"PerformanceAnalytics","2.1.0"
"perm","1.0-0.4"
"permute","0.9-10"
"phangorn","2.12.1"
"philentropy","0.10.0"
"phylobase","0.8.12"
"pillar","1.11.1"
"pingr","2.0.5"
"pixmap","0.4-14"
"pkgbuild","1.4.8"
"pkgconfig","2.0.3"
"pkgdown","2.2.1"
"pkgload","1.5.3"
"PKI","0.1-15"
"plotfunctions","1.5"
"plotly","4.12.1"
"plotmo","3.7.0"
"plotrix","3.8-14"
"pls","2.9-0"
"plumber","1.3.3"
"plyr","1.8.9"
"PMCMRplus","1.9.12"
"pmultinom","1.0.0"
"png","0.1-9"
"poibin","1.6"
"polspline","1.1.25"
"polyclip","1.10-7"
"polynom","1.4-1"
"posterior","1.7.0"
"ppcor","1.1"
"prabclus","2.3-5"
"pracma","2.4.6"
"praise","1.0.0"
"predict3d","0.1.6"
"prediction","0.3.18"
"prettydoc","0.4.1"
"prettyunits","1.2.0"
"prismatic","1.1.2"
"pROC","1.19.0.1"
"processx","3.9.0"
"prodlim","2026.03.11"
"profmem","0.7.0"
"profvis","0.4.0"
"progress","1.2.3"
"progressr","1.0.0"
"promises","1.5.0"
"prophet","1.1.7"
"proto","1.0.0"
"proxy","0.4-29"
"PRROC","1.4"
"ps","1.9.3"
"pscl","1.5.9"
"pspearman","0.3-1"
"pspline","1.0-21"
"psych","2.6.5"
"Publish","2025.07.24"
"purrr","1.2.2"
"pwr","1.3-0"
"pwrss","1.2.0"
"pyinit","1.1.5"
"qap","0.1-2"
"qgam","2.0.0"
"qgraph","1.10.1"
"qicharts","0.5.10"
"qpdf","1.4.1"
"qtl","1.74"
"quadprog","1.5-8"
"quanteda","4.4"
"quantmod","0.4.29"
"quantreg","6.1"
"quarto","1.5.1"
"QuickJSR","1.10.0"
"R.cache","0.17.0"
"R.methodsS3","1.8.2"
"R.oo","1.27.1"
"R.rsp","0.46.0"
"R.utils","2.13.0"
"R2HTML","2.3.4"
"R2jags","0.8-9"
"R2WinBUGS","2.1-24"
"R6","2.6.1"
"ragg","1.5.2"
"rainbow","3.8"
"ramcmc","0.1.2"
"randomForest","4.7-1.2"
"randtoolbox","2.0.5"
"ranger","0.18.0"
"rapidjsonr","1.2.1"
"rappdirs","0.3.4"
"rapportools","1.2"
"rARPACK","0.11-0"
"raster","3.6-32"
"ratelimitr","0.4.2"
"rbibutils","2.4.1"
"Rcereal","1.3.2"
"rcmdcheck","1.4.0"
"RcmdrMisc","2.10.2"
"RColorBrewer","1.1-3"
"Rcpp","1.1.2"
"RcppAnnoy","0.0.23"
"RcppArmadillo","15.4.2-1"
"RcppCCTZ","0.2.14"
"RcppDate","0.0.6"
"RcppEigen","0.3.4.0.2"
"RcppParallel","6.1.0"
"RcppProgress","0.4.2"
"RcppRoll","0.3.2"
"RcppTOML","0.2.3"
"RCurl","1.98-1.19"
"Rdpack","2.6.6"
"reactable","0.4.5"
"reactR","0.6.1"
"readr","2.2.0"
"readstata13","0.11.0"
"readxl","1.5.0"
"rearrr","0.3.5"
"recipes","1.3.3"
"reformulas","0.4.4"
"registry","0.5-1"
"rematch","2.0.0"
"rematch2","2.1.2"
"remotes","2.5.0"
"renv","1.2.3"
"report","0.6.4"
"repr","1.1.7"
"reprex","2.1.1"
"reshape","0.8.10"
"reshape2","1.4.5"
"rethinking","2.42"
"reticulate","1.46.0"
"rex","1.2.2"
"Rfast","2.1.5.2"
"rgee","1.1.8"
"rgl","1.3.36"
"Rglpk","0.6-5.1"
"rhandsontable","0.3.8"
"rio","1.3.0"
"riskRegression","2026.03.11"
"rjags","4-17"
"rjson","0.2.23"
"rlang","1.3.0"
"rlemon","0.2.1"
"rlist","0.4.6.2"
"rmapshaper","0.6.1"
"rmarkdown","2.31"
"Rmpfr","1.1-2"
"rms","8.1-1"
"rmutil","1.1.10"
"rncl","0.8.9"
"RNeXML","2.4.11"
"rngtools","1.5.2"
"rngWELL","0.10-10"
"RobStatTM","1.0.11"
"robumeta","2.1"
"robustbase","0.99-7"
"robvis","0.3.1"
"rockchalk","1.8.164"
"ROCR","1.0-12"
"RODBC","1.3-26.1"
"ROI","1.0-2"
"rootSolve","1.8.2.4"
"ROSE","0.0-4"
"roxygen2","8.0.0"
"rpanel","1.1-6.3"
"rpart","4.1.27"
"RPEGLMEN","1.1.4"
"RPEIF","1.2.5"
"rpf","1.0.15"
"rprojroot","2.1.1"
"rrcov","1.7-7"
"rsample","1.3.2"
"rsconnect","1.10.1"
"rsm","2.10.6"
"Rsolnp","2.0.1"
"rsparse","0.5.3"
"RSpectra","0.16-2"
"rstan","2.32.7"
"rstanarm","2.32.2"
"rstantools","2.7.0"
"rstatix","1.1.0"
"rsthemes","0.5.1"
"rstpm2","1.7.1"
"rstudioapi","0.19.0"
"rtf","0.4-15"
"Rtsne","0.17"
"Rttf2pt1","1.3.14"
"rugarch","1.5-6"
"RUnit","0.4.33.1"
"runjags","2.2.2-5"
"RVAideMemoire","0.9-83-12"
"rversions","3.0.0"
"rvest","1.0.5"
"rvg","0.4.2"
"s2","1.1.11"
"S7","0.2.2"
"sampleSelection","1.2-14"
"sandwich","3.1-2"
"sass","0.4.10"
"scales","1.4.0"
"scalreg","1.0.1"
"scatterplot3d","0.3-45"
"scoringRules","1.1.3"
"secretbase","1.3.0"
"see","0.14.1"
"segmented","2.2-1"
"selectr","0.6-0"
"sem","3.1-16"
"semoutput","1.0.2"
"semPlot","1.2.0"
"semTools","0.5-9"
"seqinr","4.2-44"
"seriation","1.5.8"
"servr","0.33"
"sessioninfo","1.2.4"
"sets","1.0-25"
"sf","1.1-2"
"sfd","0.1.0"
"sfheaders","0.4.5"
"sfsmisc","1.1-24"
"shades","1.5.0"
"shape","1.4.6.1"
"shapefiles","0.7.2"
"shiny","1.14.0"
"shinydashboard","0.7.3"
"shinyFeedback","0.4.0"
"shinyjqui","0.4.1"
"shinyjs","2.1.1"
"shinystan","2.7.0"
"shinythemes","1.2.0"
"shinyWidgets","0.9.1"
"showtext","0.9-8"
"showtextdb","3.0"
"simstudy","0.9.2"
"sitmo","2.0.2"
"sjlabelled","1.2.0"
"sjmisc","2.8.11"
"sjPlot","2.9.0"
"sjstats","0.19.1"
"SkewHyperbolic","0.4-2"
"skpr","1.9.2"
"slam","0.1-56"
"slider","0.3.3"
"snakecase","0.11.1"
"SnowballC","0.7.1"
"snowflakeauth","0.2.2"
"sodium","1.4.0"
"soilphysics","5.1"
"som","0.3-5.2"
"sourcetools","0.1.7-2"
"sp","2.2-3"
"spacefillr","0.4.0"
"spacesXYZ","1.6-0"
"spam","2.11-4"
"SparseM","1.84-2"
"sparsevctrs","0.3.6"
"SpatialEpi","1.2.8"
"spatialwidget","0.2.6"
"SpATS","1.0-20"
"spatstat.data","3.1-9"
"spatstat.explore","3.8-1"
"spatstat.geom","3.8-2"
"spatstat.model","3.7-1"
"spatstat.random","3.5-0"
"spatstat.sparse","3.2-0"
"spatstat.univar","3.2-0"
"spatstat.utils","3.2-4"
"spd","2.0-1"
"spData","2.3.5"
"spdep","1.4-2"
"splines2","0.5.4"
"splitfngr","0.1.2"
"splus2R","1.3-5"
"sqldf","0.4-12"
"SQUAREM","2026.1"
"stable","1.1.7"
"stabledist","0.7-2"
"stabm","1.2.2"
"StanHeaders","2.32.10"
"stargazer","5.2.3"
"statip","0.2.3"
"statmod","1.5.2"
"statnet.common","4.13.0"
"statsExpressions","2.0.0"
"stopwords","2.3"
"strengejacke","0.5.0"
"stringdist","0.9.17"
"stringi","1.8.7"
"stringmagic","1.2.0"
"stringr","1.6.0"
"strucchange","1.5-4"
"summarytools","1.1.5"
"SuperLearner","2.0-40"
"SuppDists","1.1-9.9"
"survey","4.5"
"survival","3.8-9"
"survminer","0.5.2"
"svglite","2.2.2"
"svUnit","1.0.8"
"swagger","5.32.1"
"sys","3.4.3"
"sysfonts","0.8.9"
"systemfit","1.1-30"
"systemfonts","1.3.2"
"table1","1.5.1"
"tableone","0.13.2"
"tables","0.9.35"
"tailor","0.1.0"
"tcltk2","1.6.1"
"tensor","1.5.1"
"tensorA","0.36.2.1"
"terra","1.9-34"
"testit","1.1"
"testthat","3.3.2"
"texreg","1.39.5"
"textshaping","1.0.5"
"TH.data","1.1-5"
"thief","0.3"
"threejs","0.3.4"
"tibble","3.3.1"
"tidybayes","3.0.7"
"tidymodels","1.5.0"
"tidyquant","1.0.12"
"tidyr","1.3.2"
"tidyselect","1.2.1"
"tidyverse","2.0.0"
"timechange","0.4.0"
"timeDate","4052.112"
"timereg","2.0.7"
"timeROC","0.4.1"
"timetk","2.9.1"
"tinytable","0.17.0"
"tinytex","0.60"
"tippy","0.1.0"
"tkrplot","0.0-32"
"tmaptools","3.3"
"TMB","1.9.23"
"tmvnsim","1.0-2"
"tmvtnorm","1.7"
"TOSTER","0.8.6"
"treemapify","2.6.1"
"triebeard","0.4.1"
"truncnorm","1.0-9"
"truncreg","0.2-5"
"trust","0.1-9"
"tryCatchLog","1.3.3"
"tsDyn","11.0.5.2"
"tseries","0.10-62"
"tseriesChaos","0.1-13.1"
"tsfeatures","1.1.1"
"tsibble","1.2.0"
"TSP","1.2.7"
"TSstudio","0.1.7"
"TTR","0.24.4"
"tufte","0.15.0"
"tune","2.1.0"
"tweenr","2.0.3"
"tzdb","0.5.0"
"units","1.0-1"
"UpSetR","1.4.1"
"urca","1.3-4"
"urlchecker","2.0.0"
"urltools","1.7.3.1"
"usethis","3.2.1"
"utf8","1.2.6"
"uuid","1.2-2"
"V8","8.2.0"
"vars","1.6-1"
"vcd","1.4-13"
"vctrs","0.7.3"
"vegan","2.7-5"
"vipor","0.4.7"
"viridis","0.6.5"
"viridisLite","0.4.3"
"visdat","0.6.0"
"visNetwork","2.1.4"
"vroom","1.7.1"
"vtable","1.4.8"
"waiter","0.2.5.1"
"waldo","0.6.2"
"warp","0.2.3"
"waveslim","1.8.5"
"WDI","2.7.10"
"webdriver","1.0.6"
"webshot","0.5.5"
"websocket","1.4.4"
"webutils","1.2.3"
"whisker","0.4.1"
"WikidataQueryServiceR","1.0.0"
"WikipediR","1.7.1"
"wildmeta","0.3.2"
"withr","3.0.3"
"wk","0.9.5"
"workflows","1.3.0"
"workflowsets","1.1.1"
"writexl","1.5.4"
"WRS2","1.1-7"
"xfun","0.60"
"xgboost","3.2.1.1"
"XML","3.99-0.23"
"xml2","1.6.0"
"xmlparsedata","1.0.5"
"xopen","1.0.1"
"xslt","1.5.1"
"xtable","1.8-8"
"xts","0.14.2"
"yaml","2.3.12"
"yardstick","1.4.0"
"yyjsonr","0.1.22"
"zeallot","0.2.0"
"zigg","0.0.2"
"zip","3.0.1"
"zoo","1.8-15"
"base","4.5.2"
"boot","1.3-32"
"class","7.3-23"
"cluster","2.1.8.1"
"codetools","0.2-20"
"compiler","4.5.2"
"datasets","4.5.2"
"foreign","0.8-90"
"graphics","4.5.2"
"grDevices","4.5.2"
"grid","4.5.2"
"KernSmooth","2.23-26"
"lattice","0.22-7"
"MASS","7.3-65"
"Matrix","1.7-4"
"methods","4.5.2"
"mgcv","1.9-3"
"nlme","3.1-168"
"nnet","7.3-20"
"parallel","4.5.2"
"rpart","4.1.24"
"spatial","7.3-18"
"splines","4.5.2"
"stats","4.5.2"
"stats4","4.5.2"
"survival","3.8-3"
"tcltk","4.5.2"
"tools","4.5.2"
"translations","4.5.2"
"utils","4.5.2"
